NBI-USA,XPH-USA,IHE-USA
1.7769337,2.6258707,1.5641928
-1.187712,0.89775324,0.4682541
-0.35694242,1.6696334,0.2677679
0.5541682,0.40231943,0.46442747
0.8987069,-0.59986115,-0.19416213
0.045788288,-0.06661415,-0.2702117
0.7572174,0.28947592,0.12054443
-1.2689412,-1.4050484,-1.0721087
-0.6203532,-0.26275516,0.28725863
0.3569007,0.9058714,0.4226923
-1.1157215,-1.2221754,-0.7802963
-0.93119144,-1.1221409,-0.21111369
-0.7063389,-0.40833354,-0.43141246
0.5350828,0.7797241,0.15511513
0.7155895,1.8306136,0.6488323
0.73632,1.0474682,1.1325002
0.5081415,1.9541025,0.93357563
-0.42285323,0.74396133,0.19242764
-0.44733882,0.86585283,0.43530464
0.972867,3.3898354,0.5600691
0.044560432,-0.19061565,0.03863573
0.72933435,1.4258146,0.9754181
-0.6497741,-0.7197678,-0.032508373
0.72351694,0.8956671,0.35227537
-0.5540371,0.7315397,0.11755228
1.104784,1.109457,0.6111264
-1.3961136,-1.6250253,-0.24254918
0.95210075,1.4517665,1.126945
0.75558424,-0.24546385,-0.006622076
-1.009345,-0.46420097,-0.31058192
0.21907091,0.3186345,-0.13856888
0.7500887,1.2155771,0.6910205
0.1514554,-0.41995645,0.39805174
2.5471926,1.0736585,0.8084774
0.85434914,1.2642264,0.8070588
0.26009083,0.3043294,0.39372444
0.56790113,1.0248542,0.26757717
1.8517852,0.9831786,0.6179571
-0.18779635,-0.309515,-0.318259
1.477921,1.4921427,1.5990973
-0.60833097,-0.13071895,-0.29743314
0.09410381,0.18334389,0.17536879
0.41447878,-1.0111451,-0.18585324
-0.41546822,-0.5927801,-0.4490018
2.0056248,1.6238809,0.9955168
0.02244711,0.10488033,0.008571148
-1.0759771,-2.4053276,-0.4993677
-0.004190207,-0.937891,-0.95487833
-0.31404495,-0.05066991,-0.47420263
2.3438573,2.0687938,0.19427538
-0.31202435,-0.05169511,-0.10948777
0.06853342,-0.10328293,-0.054711103
0.4861474,0.8856535,2.0837069
1.4053106,1.3463497,0.814116
-0.15457869,1.2563467,0.73217154
0.05276203,-0.7692337,-0.55375695
0.25666952,0.72134733,0.7110715
1.4206529,-0.0800848,-0.60696006
1.5420556,0.3213644,0.09890795
-0.76346993,-0.968045,-1.4585197
0.7573128,1.3302922,0.46867132
-0.18402934,1.2241602,0.3826499
1.833272,3.9298773,1.8885493
0.3700614,-0.6181538,-0.23551583
1.2483835,2.1820188,1.4921069
1.3418317,0.17256737,0
0.24017096,-0.14359355,-0.16747117
-1.9877017,-2.4103165,-1.4989793
-0.14412999,-0.33519268,-0.31659007
0.8007288,1.3877034,1.4565587
1.7066836,1.9047618,1.070261
-0.77154636,-0.9717047,-1.1870444
-1.6356647,-1.6858637,-0.61106086
0.333488,-0.4475534,0.5403161
-0.8170843,-0.7220149,-0.654912
-1.9753098,-2.0136118,-0.83189607
-0.24410486,0.21816492,-0.3396511
-2.1119297,-1.5570521,-1.4353156
-0.88174343,-0.93084574,-0.51741004
0.7935047,1.4570832,1.0476351
0.31104088,-0.6434262,-0.05878806
-0.82731843,-0.61284304,-0.20743012
0.06915331,-0.29224157,-0.18102527
0.79416037,0.8844733,-0.11126399
0.16280413,-0.16055107,-0.5268812
-0.66903234,-0.6116986,-0.19276738
1.7084837,1.7591238,1.336968
1.269865,3.2411337,1.5115142
-0.49845576,-0.2230227,-0.37389994
-0.19970536,1.4423013,0.39776564
1.1909008,0.65470934,0.89737177
0.21549463,0.2854705,0.049841404
-1.8730462,-1.2126327,0.13571978
-0.688076,-0.1970172,-0.13626218
0.7289648,0.9661794,0.72233677
0.7417083,0.80206394,0.5958438
-0.99219084,-2.1306396,-0.850147
0.9044528,0.79118013,1.0630608
-2.669561,-2.6142,-2.395004
-0.94451904,-0.6017566,-0.2127409
1.0863066,0.7162571,0.50605536
-1.2171984,-0.76545477,-1.1205852
1.1514664,1.8374324,1.3138175
2.228284,1.325798,1.2580514
-0.17411113,-0.70028305,0.007224083
-2.4499297,-3.2258034,-2.8451025
1.1734128,1.1297226,0.7716298
-1.1218846,-1.5972435,-1.3134003
-0.45822263,-1.1993647,-0.18130541
1.8050075,2.0397067,1.1925697
0.17236471,0.13616085,-0.19016266
1.5725613,0.300467,0.83806515
-2.666819,-2.8654754,-2.0658016
-1.2926996,-0.6851196,-0.33275485
0.6546736,-0.052672625,-0.1522839
-0.6444156,-0.9908676,-0.81015825
0.981462,0.86796284,-0.9339392
0.0951767,0.10532141,0.08380413
0.97215176,1.4965296,0.7844448
-1.3605535,-1.5781224,-0.41784048
0.3599286,0.98273754,0.43103695
0.17594099,0.15962124,0.4549265
0.23317337,-0.052917004,-0.37082434
-1.5388131,-0.8439183,-0.78638196
0.8353472,0.45021772,0.44455528
0.114011765,-1.0482192,-0.41938424
-0.55651665,-0.7542312,-0.4597783
0.6290674,-0.18172264,0.29103756
-1.3445497,-0.38788915,-1.4944375
-1.45064,-1.6280949,-1.4984488
-0.28730035,-0.7573843,0.026416779
1.0601282,1.1233091,0.71822405
-1.5435636,-1.7310619,-1.008743
-1.4298737,-1.6045392,-1.2972832
1.096797,0.72102547,0.9230733
-0.007861853,0.049757957,0.27183294
0.57958364,0.9289503,0.83243847
1.6452432,1.1941075,0.17421246
1.485467,2.4733186,0.93824863
-1.0817766,-0.6466627,-1.1265397
-0.066930056,2.3563623,1.8788099
-2.1939516,-1.9215763,-0.51202774
0.6578088,-0.051909685,0.002419949
0.53812265,0.18200874,0.4361868
0.5954504,0.86545944,0.9089947
1.2771368,1.4095783,1.1536002
3.020656,0.9395957,0.13434887
-1.0412395,-1.4289498,-0.74924827
0.66456795,0.23872852,-0.30030012
0.7078409,0.53333044,0.8341551
-0.5964935,-0.7148564,-0.6373763
-0.48226118,-0.761956,-0.28549433
1.6718745,1.0353208,1.0046244
-1.1326492,-0.81622005,-0.122100115
0.030088425,-0.5238354,0.024354458
2.0765781,2.4416447,2.0456672
1.1987686,1.4149666,0.9200692
-1.7828286,-1.2096822,-0.8334875
-0.08786917,-1.1164248,-0.540781
-1.0284424,-0.39714575,-1.4328778
-1.2991369,-2.1756053,-1.3629198
0.49499273,0.0259161,-0.01861453
-0.86435676,-0.97486377,-0.5516827
0.20186901,-0.2558887,0.23932457
2.1292806,0.56613684,0.4633069
-1.4124513,-0.9684026,-0.48368573
-0.73069334,-0.7587254,-0.37670732
1.0579109,0.4318118,0.9591341
0.7321358,0.2801895,0.4583478
1.3084173,1.0293245,0.42262077
-3.5546184,-4.167694,-2.456069
-0.4081428,-0.3685534,-0.16056895
-0.22440553,0.94246864,0.3221631
0.10931492,1.8181801,0.89389086
-3.0854106,-3.953433,-3.4221172
0.841558,0.7822037,0.5741
1.8322349,1.614511,1.2518764
0.52514076,0.9781718,0.38200617
-0.8173466,0.12556314,0.12457371
-0.8764565,-1.4112413,-0.055933
-0.05016923,0.5226493,0.11218786
0.5421519,1.2090683,0.81368685
1.1419177,0.71030855,0.73697567
-1.2153387,-0.45454502,-0.32542348
2.1787405,1.6949177,1.53507
0.024461746,0.12856722,-0.12574196
-0.45381784,0.025713444,-0.41974187
-4.0167093,-3.4037232,-2.0954907
-0.8988738,-0.7887602,-0.9610295
-0.46599507,0,0.41327477
-0.76942444,-0.8310914,-0.6950438
-1.839447,-1.350379,-0.8749783
1.2258291,0.02412796,-0.050234795
-1.6149402,-1.8930435,-1.4030993
-0.5369425,0,0.08698702
1.8015385,0.76299906,0.57120323
-0.41735172,0.5755305,0.005209446
0.50810575,0.19222498,-0.13000965
0.8491397,-0.07203221,-0.30460358
0.13942719,0.16834736,0.20782948
2.1288872,0.75114965,0.6021261
0.63169,0.90464354,0.45838356
-1.3842583,-0.70405006,-0.5346
1.7803192,0.70904493,0.89553595
0.16769171,-0.7281542,-0.4351914
-3.3368647,-2.8072655,-1.7664015
-1.0510087,0.83253384,0.6927967
-0.69227815,-0.614655,-0.7393837
-0.01732707,0.73826313,0.89535713
-0.21992326,0.57485104,0.52421093
1.1023402,0.047934055,0.14079809
-0.42043328,-0.5481422,-0.79463124
1.3641119,1.0840774,0.81676245
0.76453686,0.7524252,0.67608356
2.1744132,0.5859375,0.7164836
-0.51303506,-0.048804283,-0.4071474
-0.67188144,-0.19484162,-0.47758222
-3.141433,-3.3199906,-2.4846673
-0.47699213,-0.74783564,-0.1683116
-0.97762346,-1.4282405,-0.65048337
2.1469712,1.1888027,1.696837
-1.3031065,1.997149,1.3834357
1.4859438,0.8149624,0.3145218
-0.40608048,0.82165,0.021970272
1.9999504,-0.048309565,0.09994507
1.5664577,1.719904,1.6757011
-1.8352628,-1.5481353,-0.914824
-0.23165941,-0.9820342,-0.7178068
-0.5619347,0.1199007,-0.25565028
1.6822815,1.041925,1.3986945
0.3025174,0.8553386,0.8937597
0.2740383,-0.09765625,0.3371358
1.0058403,1.285851,1.6448498
0.5154252,0.3959775,-0.2665758
0.63807964,0.42507648,0.61205626
-2.491808,-1.8114984,-1.6968608
-0.19115806,-0.36585927,-0.35031438
-0.13269782,0.861001,0.35310984
-0.083094835,0.6736398,0.01872778
0.52587986,0.61798096,0.3796935
1.4294147,0.7785082,1.4394045
0.7345915,1.5039563,1.3184547
0.21363497,-0.22889376,0.237751
-2.040273,-1.2308478,-1.2430131
1.4665365,1.2719393,0.8285761
0.052666664,-0.83248615,-1.4206231
-0.78671575,-0.025224686,-0.14413595
-1.6996026,-1.4662027,-1.071465
0.6493926,0.95410347,0.46334267
1.1111617,0.75757504,0.73838234
-0.5793214,-0.72771907,-0.52969456
1.967442,1.7100573,1.3075948
-1.7523408,-1.0855854,-1.1895478
0.09458065,0.50748587,0.5358219
1.367867,0.9477377,0.35256147
0.64651966,-0.56036115,-0.57711005
0.67358017,1.4208198,0.8297205
3.308785,3.0617595,1.629436
5.0963044,4.565716,3.9191127
0.34047365,-2.6845753,-2.8846025
0.57940483,0.79437494,0.22021532
1.9527197,0.52154064,1.2515306
-0.0897944,0.607574,0.8121252
-0.07403493,-0.49464107,-0.021749735
6.1667204,4.659188,4.492092
-1.190573,-1.1654317,-1.5291691
-4.0169535,-4.0894213,-2.3421645
-1.8511891,-2.160579,-2.037251
-2.0149887,-2.572757,-2.0412445
-1.8533766,-1.024729,-0.9211838
-1.8073082,-2.5112987,-2.5644422
-1.8365741,-3.2569528,-3.3902824
-1.5920758,-0.76432824,-0.6541848
1.2980103,0.8742094,0.64537525
0.1432538,0.17027855,0.08480549
0.44968128,-0.04862547,0.084888935
-3.2413006,-2.4893284,-1.4543056
0.38573742,-1.4946282,-0.9244561
-3.5160065,-2.46014,-2.0666838
1.2847066,0.57274103,1.6437173
1.477778,0.8083224,1.0588884
-0.16431808,0.13875961,0.35336018
2.7843833,1.8370271,2.0962
-0.3521979,-0.56206584,-0.43834448
1.6557574,-0.07020831,-0.1110971
0.46606064,0.423038,0.6644368
0.751853,0.25919676,-0.032955408
-0.59728026,-1.3940573,-0.91222525
-2.2105575,-0.8066356,-0.5057037
0.7790446,0.37010908,1.1409879
2.245462,1.1701345,1.060307
-1.9944906,-2.174908,-1.9479871
-0.39784312,-0.11433363,-0.5570531
-3.0722737,-0.7940173,-1.2128234
-2.1015108,-0.7430732,-0.81043243
-0.9820998,-1.6607642,-0.67915916
2.4442673,1.2556076,1.7467618
0.38695335,0.56369305,0.08965731
-0.046628714,-0.045078993,0.45405626
-0.24903417,-0.826776,-0.61112046
4.0916085,3.373146,2.6186109
0.46323538,0.46424866,0.3813386
1.0914803,0.795269,0.35693645
-1.0622799,-0.3727317,-0.1979053
-0.39725304,-0.6714463,-1.3471365
1.7497778,1.4325857,1.6673326
-6.28072,-4.5077324,-4.347825
-0.42322278,-0.31298995,-0.6084502
-1.431942,-1.2364805,-0.82514286
-1.55738,-0.5707979,-0.7122934
-1.5604556,-0.61095953,-1.2296617
-0.13610125,0.28446913,0.6961107
4.3216586,2.6504993,2.7860522
-1.0308743,0.4059553,-0.07593036
2.0512462,1.1866689,1.5810847
-1.963687,-2.4705112,-3.0410707
-3.4246087,-2.1772265,-2.265668
-0.37774444,0.5032778,0.09754896
-0.85352063,-0.6089568,-0.1947105
-0.96288323,-0.06520152,-0.21250248
-2.871585,-2.6449442,-1.7420352
0.7523656,0.8535981,1.0306716
-0.5289018,-0.085288286,0.04221201
-0.8181572,-3.4184515,-1.203388
0.14617443,0.14436245,-0.023818016
0.93785524,0.53908825,0.508821
0.43144226,-0.6591141,-0.67189336
0.12302399,-0.20555258,-0.10691881
1.1360168,-0.08214712,-0.49645305
-0.55223703,-0.32753348,-0.16521215
1.4229178,1.7072678,1.8118024
0.042653084,-0.103998184,-0.17151237
1.2142062,0.77552795,0.8283973
-1.3545036,-1.3848722,-1.0766745
-0.5726218,-1.1442542,-0.36949515
0.68979263,0.18423796,0.41891336
0.046789646,0.2256751,0.21589994
-0.40681958,-0.4086554,-0.3823638
0.2317071,-0.16320348,-0.53706765
-0.51867366,0.081670284,0.1229763
-1.8680334,-1.6068757,-0.73405504
-0.27734637,-0.040358305,0.3913164
-0.99045634,-0.32025576,-0.5249202
0.053429604,0.97008944,0.45621395
0.4063487,-0.04040599,-0.11245012
1.3328791,0.32428503,0.4577875
0.36289692,0.6938815,0.1548171
1.7627716,0.3070712,0.13116598
0.16989708,0.06145239,0.19116402
-0.6678641,-0.69161654,-0.48154593
0.75562,0.061058998,-0.11281967
1.0242105,-0.38523674,-0.3196478
-0.20064712,0.8382797,0.78749657
-0.07097125,0.57576895,0.29919147
0.9276867,1.1228919,1.0460138
-1.7456174,-0.3109455,-0.054383278
0.6258726,0.79398155,0.28476715
-0.28836727,-0.06263852,0.09711981
-0.45285225,-0.39496422,-0.08485317
-0.12552142,-0.5586326,-0.93665123
-0.7311344,0.89753866,0.78668594
1.19946,1.4392376,0.8544326
-0.048434734,0.596261,0.47216415
-0.91137886,0.4921913,0.29519796
0.8105278,0.73292255,0.3882885
0.58580637,-0.12917519,0.29605627
2.031517,1.1762142,1.3066888
-1.0282815,0.48151016,0.47271252
-2.0795763,-0.5660534,-0.7878363
-1.2376308,0.08734465,-0.043815374
1.1469603,1.525867,1.1634588
-0.19180775,-0.5060494,0.14563799
-0.029486418,0.84313154,0.21563768
-0.13763309,-0.24347305,-0.35090446
0.12003183,0,-0.18613338
-0.061696768,-0.22084713,-0.23300648
0.71424246,0.98125935,0.9792805
-0.74418783,-1.1681676,-1.1192143
0.15306473,-0.3404796,-0.41327477
1.5564322,1.9368649,1.0311842
-0.22121668,-0.3347516,-0.025296211
-0.1945436,-0.111454725,0.07594824
0.555253,1.058805,0.7075429
3.7186146,1.6720057,1.5667439
1.0892034,1.3698578,1.3916254
0.08598566,-0.18540621,0.78009367
0.8972883,0.3255129,-0.13160706
1.6584158,0.13968945,0.09264946
0.60908794,0.94007254,0.7058382
-2.1155179,-1.5729845,-1.4209747
-0.32798648,-0.13860464,-0.27204156
-1.8322229,-1.5017033,-1.2669623
-0.28005838,-0.43044686,0.25923252
-1.1761785,-1.7145395,-1.3300955
1.6090274,0.87600946,0.909853
1.515913,0.49661398,0.27176142
-0.74866414,-0.6726444,-0.85957646
-0.16126037,0.47308207,0.25080442
0.79957247,0.27105808,0.22881031
-0.37205815,0.3399849,0.17757416
0.85161924,0.43250322,0.08400679
-0.23614168,0.36554337,0.045263767
0.5132556,1.1789203,0.78190565
-0.81400275,-0.04621148,0.33341646
1.2779236,2.4378657,1.600802
0.05532503,0.47562122,0.46043396
-0.6516099,-1.637429,-0.44509172
1.2889862,1.543951,1.087904
-0.087058544,-1.2200832,-0.501138
1.3983846,1.8642426,1.5608072
-0.47626495,-0.49940348,-0.6472528
0.21694899,0.42990446,0.27042627
0.001013279,-0.33324957,-0.13515949
0.4995346,0.52644014,0.22335052
0.41069984,-0.47630668,-0.29004216
-1.3242841,-0.77976584,-0.9886384
0.15574694,0.42715073,0.20750761
0.025463104,0.6929517,0.90509653
0.9218931,0.047802925,0.27091503
-1.1242509,-0.1193881,-0.43830872
1.0788202,1.4289141,0.6515622
2.677548,2.6603699,2.5366187
-0.014674664,1.5143871,0.9519577
1.418829,1.2005091,0.9933233
-0.59422255,-0.9612858,-0.7883966
0.59331656,0.53408146,0.09160042
1.1529922,0.71721077,1.0321736
-1.4146745,-2.1553874,-1.4244616
-1.3146877,-1.4084518,-1.2678385
0.49268007,0.49664974,0.03465414
-1.9992173,-1.6845644,-1.6830206
0.29028654,0.49067736,0.3967762
2.0839214,0.74146986,0.74430704
-0.046557188,-0.73601604,-0.78632236
-1.476121,-0.4396677,-0.31619072
-0.18704534,-1.7754376,-0.37760735
-0.8406639,-0.78552365,-0.5870104
-1.3914704,-0.82625747,-0.90996623
0.049209595,0.30784607,-0.15360713
1.9363046,1.1497021,0.8894205
-0.6185949,0.21603107,0.31769276
-0.75077415,-0.6439328,-0.6113589
1.2726545,0.0715971,0.2964735
-0.39102435,-0.28557777,-0.094246864
2.8795838,2.3131251,2.0246983
1.7816544,1.1078358,1.4860272
-3.0154705,-2.191186,-2.4411798
-1.582551,-0.31205416,0.02720356
2.8562546,1.4118791,1.351726
0.43779612,1.935494,2.252221
-3.9651752,-3.7496984,-3.847015
0.6750703,0.9645462,0.7717967
0.82455873,0.7531643,0.48730373
-2.777177,-1.3659239,-0.30292273
2.695191,1.409471,1.22087
-2.5242567,-2.1868289,-2.208072
-2.3693144,-1.3599098,-1.9394279
0.08567572,0.8274317,0.7157564
0.049626827,-1.191318,-0.6446898
-1.9965172,-1.4956236,-1.9549072
0.10904074,0.6717682,0.77489614
-1.0175467,-1.099664,-1.0140419
-0.11675954,-0.13726354,-0.16872883
-0.6992638,-0.27379394,-0.300771
0.26186705,0.18286705,0.30168295
1.5890598,1.3435245,1.5887737
0.6206989,1.124382,0.84028244
0.70859194,0.4234314,0.3571272
0.18507242,-0.30487776,-0.60957074
1.0792732,0.25863647,0.23261309
2.4829745,3.0530572,1.9030809
-0.92823505,-0.72167516,-1.6028166
-1.8243968,-2.5093794,-2.1295905
-1.3223231,-2.7815819,-1.6610265
0.72779655,1.3869643,1.4378667
2.1139622,1.406467,1.452148
-0.54077506,-0.536257,-0.3551662
-0.15286207,-0.11643767,-0.23621917
-1.0464132,-1.3100445,-1.8167794
-0.3742218,0.5779028,0.6157994
0.99464655,1.3945818,2.084446
1.8953681,2.191615,1.7026663
0.19937754,-0.26278496,0.08755922
1.571691,1.2089014,1.165247
0.8664727,0.7797241,1.11624
-4.2114854,-3.5487652,-3.4590542
0.033533573,0.1883626,0.15323162
1.9910216,0.90283155,1.4806271
-4.394281,-4.752201,-4.592657
-1.6923845,-2.1262527,-1.941812
-0.017768145,1.1651397,0.4574895
-1.8517077,-1.8689513,-2.0415783
-1.8525481,-2.6907623,-2.3818195
0.32866,-0.23991466,-0.5094826
1.2061715,0.49334764,0.85526705
0.6893873,0.90909004,0.79272985
-0.84035397,-0.73055625,-0.71384907
1.132524,0.47495365,0.1527667
3.1546235,2.0713925,1.7787218
0.6626487,0.2872944,0.37454367
-0.13687015,-0.5057156,-0.14337301
0.8410096,0.41952133,0.6083369
-1.3222337,-0.98382235,-0.6046653
0.6605625,0.7045388,0.4131198
0.29315948,1.4292121,1.3191342
0.43656826,-0.02233386,0.15243292
2.0058632,1.4955759,0.86494684
-1.3896346,-0.5079448,-0.71823
-0.06119609,-0.19059181,0.063073635
-0.8527458,0.09008646,0.08280277
1.3150334,0.74881315,0.45431852
2.5044322,1.3103485,1.2307286
-0.9619057,-0.8207977,-0.45779347
0.18674135,0.29728413,0.1291275
0.16100407,-0.5232036,-0.19974113
0.41435957,0.94144344,0.42057037
0.20985603,-0.47988892,-0.39314032
0.19602776,0.8759737,0.75324774
0.5165577,-0.1611054,-0.3123343
-0.23009777,-0.32117367,-0.9346545
-0.18956065,-0.25171638,0.05133152
1.3800979,0.71445704,0.9586692
-1.5542448,-1.3190866,-1.2473583
0.95659494,0.6639242,0.55316687
-0.49657822,0.7147789,0.5952716
-0.01859665,0.790143,0.68404675
2.1063805,1.4140844,1.4205456
1.4118075,1.1201143,0.5313873
-0.62544346,-0.8740902,-0.67951083
-0.54526925,-0.3296435,-0.28287172
-1.6269445,-1.4159739,-1.1959791
0.25681257,0.18604994,-0.09739995
1.5318513,0.4672885,0.7589698
-0.07787347,0.54028034,0.4402995
0.2681613,0.85288286,0.94195604
-0.6594181,-0.8922279,-0.21842718
0.076556206,0.56670904,-0.09918213
0.51459074,0.546062,0.47168732
0.8314729,1.0556579,0.6217003
-0.9490907,-0.5250633,-0.66841245
0.101172924,0.19129515,-0.37930608
1.492095,1.3572454,1.3679266
0.35231113,0.121331215,-0.120550394
-1.5689969,-0.45894384,-0.7775128
-0.7276237,0.2178669,-0.18572211
0.35727024,1.3742328,0.2993822
-0.5260825,0.34474134,-0.16604662
-0.4143715,1.4489174,0.4853487
-0.44835806,-2.8633833,-1.5617967
-0.47498345,0.3897667,-0.13777018
1.5693665,1.4833093,1.2152195
-0.00180006,-1.2451112,-0.82977414
-0.6370425,0.9861827,0.7965565
-0.7623136,-0.09851456,-0.09947419
0.05698204,-0.5389571,-0.6914735
0.6744027,-0.6570935,-0.33472776
-2.2753596,-2.1899521,-1.981473
-1.055032,-0.94317794,-0.4100442
-0.81564784,-0.4226327,-0.6745577
-1.1679769,-1.3663709,-0.9705007
-1.0633051,0.04633665,0.025212765
-0.19797087,0.8882642,0.65989494
-0.7155657,-0.2332151,-0.10775328
0.41683912,0.3275633,0.49684048
0.18982887,-0.78923106,-0.5637169
-0.2537191,-0.20846725,-0.3597319
-0.53506494,-0.98623633,-0.5210936
-0.2678156,0.4839778,0.19500256
0.124919415,0.1847148,0.10075569
-0.24861693,-0.8243561,-0.83052516
-0.23356676,-0.3650546,-0.39186478
0.16688108,-0.091171265,0.31824112
0.7908106,1.410079,0.94481707
-0.22497177,-0.7570565,-0.47019124
1.4839888,2.4441838,2.0145774
0.955534,0.90111494,0.9099722
0.10018349,-1.2874603,-0.76214075
0.649035,1.6175032,1.0255337
-0.9571731,-1.0590732,-1.0911286
0.37212372,0.28322935,0.29524565
-0.30978918,0.02360344,-0.21775365
-0.51603913,0.37914515,0.012814999
0.8377075,0.10675192,-0.038415194
-0.57914853,-1.4609635,-0.5096197
0.05413294,0.14044046,0.114786625
-0.041997433,-0.97357035,-0.47603846
-0.65559745,-0.5303204,0.057160854
-0.38570166,-0.8232355,-0.43628812
0.30089617,0.091552734,0.056934357
0.0839591,0.94732046,0.7136464
-0.37136674,0.48757792,0.20432472
0.26817322,1.2220979,1.2411118
0.36170483,0.11764765,0.23325682
-0.79799294,-0.97855926,-0.5220711
0.7180333,0.023305416,0.07740259
2.8379679,2.8523445,1.8928766
2.0818233,0.0959754,0.21076202
0.26593208,0.28873682,0.45653582
1.8952012,1.1192322,0.8070469
-0.62948465,-0.14577508,-0.18641353
1.2142062,1.0445714,0.9001255
-0.47899485,0.035607815,-0.2546072
1.975894,1.2179971,1.2688279
0.2346754,-0.3221035,-0.121980906
-0.24538636,-0.4685521,-0.33770204
-1.7631292,-0.95261335,-1.1615515
0.25248528,0.6391287,0.44254065
-0.1290381,0.5934715,0.13427734
0.96963644,0.39721727,0.533247
0.7339597,0.54917336,0.37943125
-2.859652,-0.47204494,-0.8664727
-0.31520724,-0.2725482,-0.1542449
-0.92567205,-2.6531577,-1.7138004
0.49872398,0.16912222,-0.17108321
0.3729105,-0.5526185,0
-0.8379102,-1.3276458,-0.65372586
0.45425892,-0.77628493,-0.507319
-0.9858787,-1.5288413,-0.99169016
-0.91252923,-0.5070329,-0.19923449
0.7182479,0.16158819,0.57526827
-1.9406557,-1.208663,-1.0299385
0.6536484,-0.45403242,-0.39505363
-1.1139035,-0.5867779,-0.7023096
0.84911585,-0.022560358,-0.17684698
0.5466223,0.18082857,-0.012630224
0.9646177,1.2356997,1.2856603
1.4609456,0.09162426,0.083220005
0.025629997,-0.114387274,-0.08314252
-0.37075877,-0.13708472,-0.057530403
0.048995018,0.09146929,0.1344204
0.6577134,0.6212592,-0.012803078
0.7474065,0.8586645,0.9171963
0.58870316,0.7010937,0.3435135
-0.7365167,-0.5808532,-0.29726028
0.65945387,0.7254839,0.44788122
-1.6653597,-1.8603623,-1.8038154
1.3941884,0.18408298,0.35179853
0.37693977,0.99930763,0.7799864
-0.721699,-0.3473878,-0.32767653
-1.484704,-0.71281195,-0.4158914
2.0931363,0.90510845,0.18589497
-2.8024077,-2.0901918,-2.2740126
-0.29631853,0.22768974,-0.050091743
0.15078783,0.2739668,-0.031286478
1.2951493,1.3185263,1.6284943
4.050565,2.6109576,2.0646572
1.2707233,0.33341646,0.49589872
2.4984002,1.7692804,1.2485981
-0.41645765,0.04849434,0.5313039
-0.7926285,-0.6025553,-0.06636381
0.5311847,-0.048172474,-0.16565323
0.4700184,0.3626585,-0.15877485
-0.2725184,-1.1944592,-0.44783354
-0.32315254,-0.993371,0.15170574
0.60334206,1.2937188,0.7308483
0.13461113,0.14395714,0.039875507
-0.4254043,-0.21546483,-0.11950135
-0.65270066,-1.322943,-1.2974203
1.6874194,-0.14153719,0.24962425
1.7983675,1.6303062,0.98844767
0.60465336,1.017189,0.9509802
-1.4400363,-1.1017919,-0.7114768
-0.78015924,-0.071799755,-0.39077997
-0.18417835,0.77183247,0.7137537
0.09034872,-0.048214197,0.25413036
-0.15886426,0.94913244,0.639379
0.29735565,-0.21855235,-0.013464689
-0.7389486,-0.024271011,0.0808239
1.4085889,-0.6512284,0.06738901
-2.3027003,-2.2169888,-2.052939
0.36640167,-0.70257187,-0.40104985
0.47545433,0.022256374,0.22404194
0.3508687,0.0949502,0.3902912
-0.061124563,1.2583137,0.5587697
-0.3842175,0.5250573,0.32701492
1.1517763,1.5019417,1.1953712
-2.0516694,-2.6874125,-1.7125726
-0.9399593,0.56898594,0.2195239
0.7763505,0.93324184,0.5485058
-0.6799698,-2.7461052,-1.7868876
-0.4009843,-0.53240657,-0.7433474
0.669384,0.32513142,0.058722496
0.31366348,-0.09279847,-0.21484494
0.12947321,0.7009387,0.6619096
0.18441677,1.4698863,1.2608647
1.3354778,0.47641993,0.44660568
1.4973998,1.1932015,1.1461735
-0.94872713,-1.0376871,-0.84897876
0.46061277,0.6240964,0.3757596
0.39943457,0.33718348,0.2556324
-0.9886563,-1.2369156,-1.288265
-0.03581643,-0.40274262,-0.31113625
0.7719636,-0.18917322,-0.026476383
0.090277195,-0.37691593,-0.09917021
-0.39333105,-0.7481873,-0.4279077
-0.3467679,0.16393661,-0.32808185
0.7417321,1.9579768,1.3702273
0.26112795,1.3307452,0.5215287
-1.3637006,-0.4336238,-0.46585798
0.1912117,-0.3361404,-0.093084574
-0.78192353,-0.43031573,-0.35776496
-0.026839972,-0.4995227,-0.514102
-0.37136674,-1.152122,-0.6873071
0.84917545,0.5437374,0.09828806
-0.4294455,0.45119524,0.15093088
1.0754585,2.6072145,1.6408324
0.5556345,0.26483536,0.013267994
-0.48559904,0.052797794,0.093472004
0.6651044,0.09787083,0.14710426
-2.84248,-2.1012187,-1.9511402
0.5197644,1.5006065,0.56438446
-1.1400044,-1.5557647,-1.011622
-1.2960553,-0.59481263,-0.54523945
1.4770985,1.8662095,1.7180324
-0.8964777,-0.91258883,-1.1435986
-0.034201145,0.09615421,-0.24091601
0.6848097,0.14443398,0.20879507
0.3017068,-0.07216334,0.19612312
0.9291172,0.97157955,0.52576065
-1.5482366,-1.0098636,-0.64641833
-0.9360969,-1.5621305,-1.136148
0.9554386,-0.11820197,0.3823161
-0.47401786,0.28449297,-0.3872931
1.351738,0.81261396,1.0831237
-0.39160848,-2.1286547,-1.1480927
2.8297305,1.1834264,1.0559201
0.21157265,0.28482676,0.24174452
-0.24601221,0.6209731,0.5534649
-0.8767903,-0.4517436,-0.3355205
-0.597775,-0.26084185,-0.3198266
0.5212307,0.26152134,0.41947365
-0.7045269,-1.105094,-0.5605042
1.8179417,2.1864533,1.5823603
1.1518478,1.6857982,1.2739658
0.68041086,0.34321547,0.2959013
-0.12526512,0,0.3035426
0.97790956,1.090467,0.72015524
-0.12410283,0.8497834,1.1198163
-0.3720641,-0.9408295,-0.64163804
0.096189976,0.42266846,0.47322512
1.1190891,1.4375806,0.9554863
-0.24481416,0.99338293,1.0141253
0.93501806,1.1594892,0.8890748
2.8284907,3.2455444,2.5025368
-1.3849854,-1.1569798,-0.7323384
1.0492921,0.6350875,0.82525015
-0.4966557,-0.94364285,-0.76149106
0.9940982,1.0060906,0.6798744
-0.28560758,-0.735873,-0.86047053
-0.8947611,-0.8339822,-0.655365
-0.44731498,-1.006192,-0.98046064
-0.9039819,-1.0719776,-0.99169016
0.89224577,0.5905032,0.47011375
-1.9876778,-1.8397152,-1.6832232
0.39221048,0.25265217,0.45042038
0.41508675,0.43137074,0.15963316
-2.9596508,-2.9310286,-2.1727324
0.78594685,-0.61199665,-0.45285225
1.4587402,0.11469126,1.0242462
0.6982446,-0.38281083,-0.31312108
0.26420355,-0.29212236,0.2593398
2.6315331,2.4183512,1.9551873
2.00063,2.6093602,1.6263604
-0.7323146,0.90345144,0.50457716
-0.35598874,-0.8953631,0.19226074
-1.2630165,-1.6851068,-1.140362
-0.39767027,-0.62484145,-0.40661693
2.2420168,2.3273706,2.2655606
-0.36318898,-0.6858051,-0.6552696
-1.2243867,-0.8562088,-1.2380481
0.77376366,-0.2762437,0.056302547
-1.1885643,-0.12540817,-0.1475811
0.000941753,1.2442827,1.1156797
0.9634137,0.8709073,0.65808296
0.12686253,-0.6109953,-0.35638213
0.5300164,1.6826272,1.1317015
-0.68709254,-0.36110282,-0.11520386
0.3878951,1.3594747,1.1580467
0.74130297,-0.7524669,-0.21802783
-2.908808,-2.0086467,-1.9034684
0.8746147,0.7557392,0.94999075
0.5550027,0.29548407,0.3570795
0.45155287,0.7768035,0.834322
-1.6539693,-1.5800297,-1.6896963
-2.3198307,-1.1835754,-0.93623996
0.13945103,-1.0219336,-1.0388136
-1.687938,-1.3765991,-1.6023159
0.3211975,0.24641752,0.47882795
0.80764294,0.8449316,0.5723119
-1.8001258,-1.4450133,-1.3019204
0.701344,-0.073421,0.18633604
-1.2194991,-1.137191,-0.96371174
0.64822435,0.21823645,0.47383308
-1.6401589,-1.6455948,-1.6214073
-0.62885284,-0.26165843,-0.75097084
1.754415,0.93637705,0.6750345
-0.6431222,0.40984154,0.013506413
1.5981317,2.243042,2.0250797
8.978832,6.204188,6.891465
0.25328398,-0.7792175,-0.12683272
3.6813736,2.8311968,2.9778123
1.9625425,2.099812,2.0477533
-2.91211,-6.501794,-4.3815494
-1.8801451,-2.1701157,-1.2765348
1.1022329,0.8553505,0.5058646
-1.595068,-1.8033564,-1.3738334
-1.8448234,-2.739066,-2.0052433
0.086677074,-0.4544437,-0.42333603
0.010049343,-1.2983918,-0.9435296
-0.49108863,0.37914515,0.428164
-0.4504621,-0.2599895,-0.63813925
-0.8581579,-0.634104,-0.57898164
1.0225415,0.8526802,0.92372894
-0.78803897,-0.47146678,-0.45974255
1.3664603,1.3620019,1.1484623
-0.07183552,-0.80587864,-0.6370783
-1.9268811,-1.7695069,-1.9360185
0.37359,0.3504753,0.36518574
-2.504778,-1.9248426,-1.8927813
-3.7705898,-2.8495073,-2.594328
1.3944626,1.8594146,1.7009258
-0.076156855,-0.6085217,-0.38024783
-2.2273839,-1.6622365,-1.297164
0.9182453,1.1432409,1.0311246
-0.40034652,-0.022405386,-0.07311106
-0.033694506,0.97306967,0.66246986
1.1602283,0.5918503,0.789094
-2.9869676,-4.7071514,-3.82694
-0.89830756,-0.19484758,-0.18128753
1.1066198,1.1164546,0.92133284
-1.2869,-2.622044,-2.035594
-0.60470104,0.75170994,0.20526648
0.81164837,0.62675476,1.1352539
0.6441951,0.3252387,0.7055521
1.3802409,0.2608657,0.29485226
-0.038403273,-0.605011,-0.4695475
0.5288601,0.87183714,0.5903959
1.4994144,1.8197894,1.457572
1.1387348,0.4906416,0.649786
-1.655823,-1.2552321,-1.1783361
3.0815363,2.9238462,2.4482846
-3.1840682,-2.3893833,-2.214998
0.70729256,0.600934,0.67431927
0.6204963,0.089108944,0.02002716
1.2957096,1.1947632,1.2166262
-0.22537708,-1.1806607,-0.55452585
0.11713505,0,-0.117492676
-0.78641176,-0.48769712,-0.48770308
-0.25727153,0.35594702,0.020051003
-0.49324632,-0.19982457,-0.15346408
0.74745417,0.42363405,0.6243706
-1.0779977,-1.7954886,-1.141566
-3.3700824,-2.9742956,-2.7245164
0.06148815,0.5984187,0.14871359
1.9949913,0,0.27229786
-0.42660236,-0.23454428,-0.3424406
0.24546385,0.47129393,0.43478012
-0.063973665,-0.1924336,-0.051879883
-1.4787793,-1.0995984,-0.880754
0.9253025,0.21191835,0.36779642
0.19854307,0.27623177,0.26524067
1.0918617,0.6631017,0.8350253
-1.9893467,-1.8887758,-1.7686725
0.14106035,1.8815517,0.80099106
-1.0513663,-0.5105257,-0.8708477
0.54695606,0.2559185,0.038433075
-0.7434845,0.44987202,-0.2619505
1.1039257,1.1703491,0.49438477
0.17464161,0.23897886,-0.34551024
1.6498327,0.13051033,0.4176259
0.64430237,-0.086933374,0.15444756
0.21588802,0.17396212,-0.29513836
2.454543,1.7277956,1.9159198
-0.69820285,-0.35312176,-0.22183657
0.46013594,0.04415512,0.006532669
0.238204,-0.17632246,0.078356266
1.2487411,1.589787,0.53173304
2.559805,2.43119,1.8452883
-1.3447165,-1.357472,-1.051861
0.34462214,-0.067824125,0.072824955
1.4264822,0.27204752,0.25886297
0.33088923,0.96132755,0.7354975
-1.7226458,-1.0867119,-0.77621937
0.7455468,0.89081526,0.48666
-0.21060705,0.8988261,0.55640936
1.1992335,1.1657715,0.8518696
0.6237626,-0.11643767,0.15574694
2.3262978,1.8742561,1.3728738
-0.97234845,-0.6833136,-0.22601485
2.0241976,1.5432477,1.1149645
0.596869,-0.2744019,0.32655
2.1802783,1.9459963,3.4946322
3.7995815,3.7607312,2.8092027
-3.0927718,-3.2005906,-2.6904464
-4.969734,-3.7846744,-3.095156
2.2085786,2.1368504,1.6438723
0.6836057,0.2889514,0.2415061
-1.5669227,-1.2601137,-1.1097848
0.8376479,0.47779083,0.7786393
-2.044505,-2.1962583,-1.8003583
-0.07494688,-0.25635362,-0.06946921
-0.21135211,-0.9464443,-0.4632473
-0.586766,0.39397478,-0.020736456
-1.2450278,-0.71329474,-0.8838594
-2.166444,-1.8740177,-1.5846312
-1.8127024,-0.62822104,-0.76948404
-0.07624626,-0.044852495,0.18770695
-2.5305867,-0.69042444,-0.44050217
1.5043616,1.5607357,1.1271596
-1.5407503,-1.0519266,-0.9029448
1.8452048,1.3841629,1.2391686
0.51754713,1.2405276,0.7298231
1.2687564,1.0445595,0.8668661
0.95829964,1.436305,0.6997466
-0.6041825,0.23602247,-0.00693202
1.147306,0.23657084,0.3406167
2.2840142,1.9291043,1.7685294
0.6151676,0.0723958,-0.11305809
2.0675898,2.5996566,1.834929
-1.442337,-1.3916016,-1.0467112
1.3542652,0.8618474,0.91255903
-0.9016752,0.22211075,-0.31516552
3.0000925,2.816546,3.4224749
0.8314729,0.97361803,0.64116716
-1.6802847,-1.613307,-1.4329791
-3.0840814,-1.9767821,-1.5767336
0.9175539,1.1749983,0.9639144
2.449131,2.8489232,2.3314834
-1.3417304,-3.9229274,-2.1855056
0.36654472,-0.9300053,-0.9842932
-2.9281497,-3.449905,-2.222067
-1.919508,0.14197826,-0.47189593
1.0923743,-0.047302246,0.58089495
-2.5999665,-1.4911473,-1.2728989
-0.89671016,-0.60213804,-0.59788823
-1.2926459,-0.9178579,-0.8273542
-1.5030324,-0.4795611,-0.6711483
-0.8833468,-2.8400242,-1.8814683
0.2876401,0.5353451,0.22898912
2.8434873,2.986455,1.8241644
0.05056858,-0.091809034,0.1717329
-1.9434214,-0.022953749,-0.07549524
1.5080571,1.2781858,1.3496518
-0.32394528,-1.1486351,-0.15282035
0.14009476,0.09196997,0.1879096
1.9334555,2.2812843,1.6482711
1.1258721,-1.4143288,-0.21881461
-1.6455472,-1.7315984,-1.7885625
-1.0523856,-0.92550516,-0.81138015
-1.8848121,3.4563303,0.37962198
5.9545994,4.43902,4.0281415
-0.3401637,-1.2286127,-1.2339473
0.89502335,1.392281,1.3293982
2.8697252,1.7395496,1.5915513
2.1957874,1.0133982,0.35158396
-0.52699447,-0.5335808,-0.3140211
1.7317295,3.368175,2.3584366
-1.2998462,-1.6374707,-1.3313234
0.55145025,-0.4800439,-0.007373095
-3.3936143,-1.8353105,-1.8814743
2.6107192,4.0784717,2.454114
1.9016027,1.228118,1.0867119
1.7952442,1.1898518,1.1598945
-1.2116492,-2.8762162,-1.6845644
-0.50420165,-1.5423536,-1.1596143
-3.8453162,-6.168449,-4.392481
-0.20217896,-0.6130576,-0.36494136
2.6857853,3.6919236,2.858591
-0.78364015,-0.2682209,-0.20890832
-1.1580765,0.073206425,0.34698248
-3.5761118,-2.9829621,-2.5637388
2.4314284,2.102983,2.1585822
-0.33985376,-0.8389294,-0.70020556
-1.4057577,-0.69030523,-0.6318748
1.0360956,1.6945004,1.660049
4.2958975,1.4987707,1.7552853
-2.6816845,-4.0773034,-2.8538823
0.7869482,0.3310442,0.53884983
0.16411543,0.54683685,0.73617697
0.53396225,0.35791397,0.27534962
-2.3990154,-1.2720883,-1.2026668
0.81915855,0.8074045,0.96855164
0.912869,0.30966997,0.39913654
-2.634406,-2.303934,-2.0402312
2.9908538,3.8675427,2.8966308
3.0153036,2.7570844,2.496624
2.88018,1.6409993,1.2679338
-2.406031,-2.0039499,-1.9139051
0.73463917,-0.34517646,-0.14129877
0.09384155,0.44577122,0.63613653
-3.202486,-3.719592,-2.8853834
-3.2289982,-1.618582,-1.6582131
0.28182268,0.21156073,-0.007140636
1.2408972,0.59115887,0.36581755
-2.9527009,-2.1970391,-1.5674651
0.48793554,0.58152676,-0.105792284
1.4154792,2.041304,2.1175504
-3.5103083,-3.3715546,-2.704978
-3.173691,-4.070413,-2.6868522
-0.43118,0.95512867,0.7627249
-1.6479194,-1.3584554,-1.0673046
3.2053947,2.5387526,1.7852187
-2.189654,-0.9127319,-0.48202276
2.6637435,2.7682424,1.6804338
-2.16645,-1.5096962,-0.9157717
-2.57411,-1.2680769,-1.4157772
4.023361,4.1714907,3.6803365
-5.3044853,-4.4719877,-3.5694778
1.4688015,1.0288477,0.9526491
-3.406483,-2.8043509,-1.7765105
-1.9303739,-2.2108853,-2.1366954
-4.0966153,-3.8626611,-2.9245079
-1.7858207,-2.5298834,-2.2110224
-0.18966198,0.21960735,0.5383134
-3.185451,-2.16797,-2.3439944
-0.7148981,-1.4626622,-1.0767758
-0.6730497,-0.1345396,-0.28064847
1.8188834,0.970304,1.2415171
-0.81821084,-0.5404413,-0.53450465
0.33916235,-0.13492703,-1.3813972
1.8223286,1.8853188,1.4132142
0.1229763,0.03929138,0.29580593
0.7638097,0.49358606,0.6762743
-0.64523816,-6.029683,-0.7817805
-1.6769886,-1.5165329,-1.4976978
2.3094416,2.2799492,1.7647743
2.8313994,2.706337,2.085042
0.2479434,-0.74300766,-0.119543076
-2.826947,-2.868247,-2.082312
1.2437344,1.1795521,1.1906981
-1.6180158,-1.4393806,-1.286149
1.8568277,1.9183755,0.96930265
-2.162683,-2.5119245,-1.5838027
2.9542923,2.9833913,2.584529
-3.3866882,-2.8078616,-2.5432587
-0.788182,-0.89122653,-1.0405898
0.53806305,1.9091725,1.9427657
-1.8964112,-1.461184,-1.3686955
0.6265521,0.09140968,0.23779869
1.0390401,1.6161919,1.4600396
-0.13326406,0.7100105,0.31651258
0.7354498,1.2511849,0.44258833
-0.074124336,0.93690157,0.81065893
-1.5258968,-0.6836295,-1.1676252
2.927494,2.3120284,2.3780704
1.3463497,0.66497326,0.38297176
0.32031536,0.7090807,0.71355104
1.0831714,1.8251061,1.0064244
-2.1155894,-2.5791347,-1.823169
-1.4210522,-2.5885046,-1.252681
0.4047513,1.8414378,0.6207228
0.06655455,-0.3091812,-0.8415997
-0.3688693,2.6174903,0.49865246
-1.8558145,-1.9443929,-1.1172175
-0.34503937,-0.522244,-0.3235042
0.10558367,1.7516255,0.56307316
3.8434982,4.05488,2.6194215
-0.91676116,-1.5920937,-1.2990296
-0.7747948,-0.680542,-0.21498203
1.3347864,4.1918635,2.7281523
2.99201,1.3956428,1.7649412
0.8233309,0.3820896,0.25846958
2.86088,5.651498,4.019022
0.5692363,-2.0215273,-0.9694159
-0.5026221,-3.1496108,-2.1313548
-3.2107353,-4.5694532,-3.3950806
0.567019,0.32600164,-0.1996994
-0.10213256,0.59438944,1.1994839
4.3937683,3.9855123,3.0014157
0.88648796,0.25640726,0.68279505
-3.2212794,-3.265816,-2.3437023
0.061678886,-1.2249887,-0.8249819
0.5624652,1.0939121,1.1523843
-0.29803514,0.14468431,0.4023075
2.0369887,1.8526316,0.9634137
-3.7735581,-4.4842124,-3.077823
-0.67789555,0.3430128,-0.08452535
3.2753587,4.5790315,2.855432
0.91581345,1.0017037,1.0268807
4.4756174,4.336214,3.452611
-0.57246685,-2.1540403,-0.90040565
-6.0156345,-8.3549385,-6.1492386
-5.04939,-5.874622,-4.215181
-2.000451,-2.0948172,-1.2238681
-0.564003,-0.47549605,-0.4103601
-1.6799331,-3.3922255,-1.4724553
-4.4050694,-3.8722873,-3.1162202
-1.6183615,-0.6244719,-1.2585223
1.9912362,2.5086522,2.0622253
-0.44308305,0.19067526,1.0719419
1.0536551,0.68062544,1.3397694
-0.5190611,-0.58986545,-0.2354145
1.2731075,1.2382507,0.5333185
1.8475413,1.6242743,1.0767221
-2.161914,-4.703182,-2.072978
4.1822314,2.8876424,2.7138472
-0.21789074,-0.27922988,-0.8844137
-2.078712,-1.6055644,-1.2825191
3.6914945,2.7616024,1.7210722
-2.5147438,-2.1159053,-2.1866739
-3.1090617,-1.5056133,-1.5511692
0.71115494,0.6334543,0.41456223
2.405405,2.2942185,1.9440889
5.0947785,3.264308,4.248488
0.45273304,-0.70037246,-1.3167679
-4.775679,-4.608136,-4.126203
-3.0195117,-1.6345143,-1.8704593
-4.04253,-3.9413989,-2.7338862
-0.65801144,-0.6672561,-0.40192008
-0.98588467,0.72880983,-0.45083165
2.093625,2.1338105,1.4985919
-0.5556822,-0.24750233,0.24081469
-0.9876132,-1.1660159,-0.3314495
0.7256985,0.38471222,-0.09705424
-1.1627913,-1.6898692,-0.8771479
0.759542,0.29861927,0.45478344
-0.7020235,-0.401932,-0.09087324
-3.9464772,-3.3636272,-2.4434805
0.708127,0.18677711,0.23325682
0.3434062,-1.4269292,-0.63462853
0.0516057,-0.4581809,-0.22025108
0.95169544,1.2682676,0.8440256
0.28942823,-0.66067576,-0.5467236
-1.2919068,-1.3714194,-0.60925484
2.3825645,1.3282061,1.8447161
-1.1044562,-0.7921338,-0.53378344
-4.0217104,-1.5817106,-1.6675711
-0.18162131,-0.067430735,-0.3378451
-0.25663376,0.19515753,0.31704903
-0.6172836,0.022518635,-0.51661134
0.072169304,0.0826478,-0.06521344
0.51904917,0.27122498,-0.08687973
1.3435364,1.1970043,0.56790113
0.6680131,-0.41002035,-0.3699422
2.28554,1.4481544,0.75645447
1.7860532,1.2794614,2.0473123
1.5321493,2.1435976,1.541853
1.1104822,0.9979844,1.0651588
-2.7764797,-2.4495602,-2.1348357
0.2527833,1.3446927,1.01583
0.5277872,0.3753662,0.35880804
0.04390478,0.03196001,-0.14786124
0.25274754,0.376904,0.583446
2.2225857,2.1461248,1.2627482
-3.03393,-2.7715802,-2.485311
-0.8850038,-2.1508813,-1.1336446
-0.40221214,0.5879164,0.5615711
-1.553452,-1.5435755,-1.3517201
0.042140484,0.39516687,0.18703938
1.5136361,1.2870789,1.1525989
0.052964687,-0.25832057,-0.24641752
2.9108286,1.9553065,1.4142036
0.60061216,0.19191504,0.18777847
0.22215843,0.7735729,0.35921335
-0.027376413,0,-0.1875341
-1.2389004,-1.0997832,-1.2495756
0.6926179,0.6174326,0.458014
0.9821415,0.6456256,0.9245038
-0.71665645,-0.6494522,-0.2050221
-0.64237714,-0.629431,-0.88061094
1.1640191,0.89228153,0.5049348
-0.6072879,-0.6389737,-0.7489145
0.4706502,0.67545176,0.4411459
-0.41601062,-0.02411604,-0.32134652
-0.059056282,0.07240772,0.12418032
-0.004893541,0.10470152,0.02259016
-0.4583001,0.28266907,0.50501823
1.7397285,1.5417337,1.3281941
-1.0631621,-1.0066569,-0.62282085
0.21314621,0.20337105,-0.10845065
0.028562546,0.048828125,-0.18231869
0.8149862,0.5565047,0.15977621
0.1239419,0.28727055,0.5854726
1.2329221,0.8191943,0.6644726
0.11867285,0.29045343,0.15624762
1.270473,1.1075735,0.99357367
-0.18603206,-0.47599077,0
-0.1838386,-0.91021657,-1.303643
0.05811453,0.7671118,0.52769184
2.2922993,1.2922287,1.6984105
0.8879304,0.27099848,0.30167103
0.8582711,-0.4384458,-0.3830135
-2.04463,-1.7805398,-1.0841072
0.4208088,0.49937963,0.51555634
2.8550386,2.4558783,1.6253829
-3.049022,-3.600496,-2.60365
-0.008422136,-1.0170877,-0.3352046
-1.157856,-0.16246438,0.017344952
-4.113311,-4.7876835,-3.4652114
-1.0670006,-1.4107108,-0.35030842
1.1196136,0.63694715,0.66046715
-0.29138923,0.007665157,-0.10064244
1.8724203,0.45485497,0.6981969
0.44754744,0.2550602,0.107097626
-1.4186859,-1.1913836,-0.60507655
0.30448437,-0.14489889,-0.2849102
0.9018779,1.0480046,0.4263878
-0.22642612,0.061690807,0.30388832
0.21828413,0.30162334,-0.25820136
1.1398554,1.0946035,0.98629
0.42710304,0.3294587,0.39836168
2.8721452,3.356576,2.5144339
0.8916497,0.6610632,0.6340623
-0.20367503,-0.065249205,-0.1172781
-0.25064945,-0.1303196,-0.21649599
-0.94824433,-0.60718656,-0.8815706
-2.1529794,-1.176095,-1.2824953
1.1041999,1.2802839,1.0705471
1.914525,1.1972189,0.8991599
-0.096321106,-0.19642115,-0.09915829
-4.139942,-3.9764225,-2.7345896
-0.695771,-0.8183956,-0.85499287
-2.2393644,-1.3076901,-0.5982697
0.4937768,-1.0579169,-0.17859936
1.864934,1.0614634,0.5556226
0.5617142,1.2065887,1.3999462
0.74129105,0.65032244,0.20529032
2.3821354,1.3338685,1.634407
0.16278028,-0.22182465,0.028979778
0.663507,1.2513041,1.4527678
0.29506683,1.431942,0.7884264
-0.42242408,-1.2929618,-1.1427522
0.16109943,0.52473545,0.7736325
-1.5264213,-1.1728048,-1.3400912
2.2192717,0.2158761,1.0123014
0.63079596,0.78163147,0.76503754
-0.5497098,-0.71205497,-0.648129
0.7825017,1.0591865,0.78384876
-1.0050058,-0.84182024,-0.77775717
0.40180683,1.2583256,1.0358453
1.2651086,-0.016230345,0.48453808
-0.79235435,-0.048679113,-0.22084117
0.5284786,0.18694401,-0.029838085
1.296711,1.7449617,1.1528254
0.78053474,0.60737133,0.28448105
0.83066225,0.15833378,0.024223328
0.9445071,1.197505,1.033771
0.91973543,0.83333254,0.8513212
0.9803295,1.0656595,0.8586407
-0.27107596,0.4488945,0.15579462
1.5125394,1.8731833,1.5375853
-0.8270979,-0.2981186,-0.45351386
-1.2236118,-0.73112845,-0.50762296
2.3755193,3.6819816,3.4690738
-1.7499864,-0.9298146,-0.9505451
-0.49316883,0.54836273,0.5683899
-0.5750358,-0.12569427,0.129354
-0.36175847,-2.418083,-1.7849207
1.1343718,1.6294241,0.74875355
-2.0877957,-1.5429139,-1.6242743
-0.5582988,-0.087589025,-0.4031837
1.5895128,1.4573932,1.2686968
0.50702095,0.29412508,0.009524822
0.6695032,0.81768036,0.7937074
-1.2402236,-0.5984247,-0.52846074
1.6071439,-0.2227962,0.14665127
3.272438,3.4098268,2.4563909
-2.4472296,-2.3224354,-1.9096434
0.11827946,0.036013126,0.19261837
0.050103664,0.090134144,-0.05133748
0.5146861,-0.26966333,0.051367283
-0.3355384,0.044965744,-0.18591285
0.89764595,2.2058725,1.7674923
3.5987854,2.5254488,2.1587133
-1.6584456,-0.905776,-0.56972504
-0.13530254,-0.7322967,-0.65811276
0.8300781,-0.074100494,0.3632784
-0.21864772,-0.5160332,-0.27665496
-1.2281001,-0.4221022,-0.53720474
0.52957535,0.19307137,0.106966496
2.254641,0.92790127,0.85117817
1.6164899,1.0596395,0.3851056
-4.553318,-2.8956473,-2.4483442
-2.4148166,-0.68728924,-0.5090833
1.0262609,-3.6759615,0.8972645
3.3212185,2.2626042,2.5470138
3.2459497,2.6517987,2.089715
-1.2454331,-0.9913564,-0.8436799
-2.7771533,-1.0614455,-1.0154903
-1.1851072,-1.8117845,-1.7976701
0.5114317,0.5927563,0.23674965
-2.103281,-2.1300554,-1.5155435
0.49868822,0.060653687,-0.116449594
1.5395641,-0.043302774,0.08417368
0.7331848,0.90003014,0.7501602
-0.64677,-0.5042553,0.04569292
0.47588348,0.58591366,0.30109882
2.1241903,1.1678338,1.373589
-1.1508524,-1.7899036,-1.2321413
0.14402866,-0.09548664,0.045907497
1.3234973,1.721847,1.3827085
-0.11360645,0.31889677,0.333488
1.7475009,2.153647,1.194644
0.27718544,-0.09943843,0.35221577
-0.07867813,0.26284456,0.0813365
-0.3127098,-0.8795321,-0.733459
2.1107674,1.98735,1.8155575
0.26620626,0.61768293,0.7176399
-2.0383596,-0.32163262,-0.22032857
-0.6731093,-0.6119251,-0.3225565
0.0778079,0.1188755,0.10993481
0.27463436,0.27507544,0.23413897
1.6854882,0.850749,0.7004261
-1.0510743,-2.3037314,-1.6371131
1.6064286,0.33539534,0.76293945
-1.6051352,-1.3767242,-0.8450806
-1.0611355,-0.080388784,0.14331341
-0.009119511,0.50274134,0.36303997
-0.040394068,0.05389452,-0.4636228
2.0165443,2.253008,2.0526052
-1.0609508,-0.5598664,-0.0973165
1.289177,1.1828899,0.8553028
0.5250931,0.2965927,-0.23081899
1.8205166,0.8694887,1.1174798
2.685237,2.3442745,1.9982696
-0.77612996,-1.1819184,-0.7446706
3.2148123,1.7901778,2.1354437
1.6358137,1.5441775,1.2214184
1.6357183,0.04888773,0.5957246
1.755178,1.1973023,0.36621094
0.41062832,-0.098860264,0.007545948
-0.56669116,0.41692257,0.18714666
-2.080083,-2.5913775,-2.3973227
-1.9563079,-1.5703857,-1.2486458
-2.442354,-1.4814854,-1.8490314
2.9040456,2.0867229,2.0385265
-1.9242883,-1.6382635,-1.802957
-1.2239218,-1.0527253,-0.84459186
2.3735404,2.1215796,1.7983794
-0.28285384,0.228858,0.29462576
-1.3738155,-1.0753691,-0.84788203
-1.024127,-1.110071,-0.88276863
-0.104123354,-0.018656254,0.4041791
1.0035276,0.64771175,0.20605326
-2.0740688,-1.6888142,-1.345855
2.8607368,1.7942786,1.4868021
-0.28529167,-0.30905008,-0.38973093
-1.0130823,-0.9094298,-0.67567825
0.078463554,-0.7552028,-0.11950731
0.81009865,0.09218454,0.40940046
0.7248163,2.1372795,0.9692788
1.9152999,1.1523843,0.96423626
-1.5251935,1.7047644,0.35384893
-1.2721837,-0.74985623,-0.60293674
-0.4447043,0.5714059,0.30959845
1.929462,1.3016701,0.9228349
-1.3135672,-1.1042237,-0.7715106
0.8543849,0.4377842,0.3690958
-0.091171265,0.7843971,0.8392334
-1.6596973,-1.3827145,-0.9254575
-0.21421313,-0.7771313,0.41382313
-0.15541911,0.30795336,0.087201595
0.9685993,0.6587267,0.52592754
-0.44541955,0.03876686,-0.22594333
-0.28817058,-0.06778836,-0.007283688
1.2510657,0.99766254,0.7488966
2.4052978,1.1075854,0.82167387
0.6586313,0.5868912,0.5657673
-0.89202523,-0.25796294,-0.3560543
-0.27499795,-0.32910705,0.0890851
0.52045584,1.6207457,1.217401
1.0308623,1.3856292,0.7571697
0.911808,0.29634237,0.3800273
1.4999628,1.0428548,1.2076974
2.0675898,1.4667392,1.0807872
-0.42603612,-0.57291985,-0.2791345
0.52582026,0.3659129,-0.21654963
1.3390899,0.832808,1.388371
-1.3964534,-0.7221401,-1.1246324
0.06840229,-0.11498928,-0.19353032
-0.20427108,-0.26066303,-0.96597075
0.7262826,0.12527704,0.19973516
-0.16386509,0.7149577,-0.04608035
-2.5649846,-2.4212599,-2.1781564
1.0308266,1.2254596,0.7796526
1.0830641,-0.4342854,0.31893253
-0.94085336,-2.173406,-0.8731663
-0.42353272,-0.89363456,-0.6877482
-1.3635993,-0.4192829,-0.14183521
2.1969914,-0.059866905,0.39721727
1.0465384,0.5618572,0.6259322
0.13240576,-0.13026595,-0.15811324
3.0165076,1.5569448,1.505661
-2.318728,-1.7398298,-1.5129924
-1.2541354,-1.6133785,-0.47943592
-2.2758245,-1.7209709,-1.5560448
0.35362244,1.3125658,1.2242436
0.64446926,-0.088083744,-0.089496374
-0.3430426,0.097966194,-0.19116402
1.117897,0.49222708,0.1765132
-2.224195,-2.214086,-1.3244271
-2.4279296,-2.3684263,-1.6507387
0.3777504,0.377357,0.327456
0.7159591,0.36928654,0.3862977
2.3425698,1.7437339,1.5491486
0.14359951,0.25111437,-0.24586916
0.02565384,0.31001568,-0.1687944
0.18723011,-0.16442537,-0.20668507
0.32114983,0.7405281,0.8967519
1.0189772,-0.32051206,-0.55229664
-1.0110021,-0.2132237,-0.27233362
1.9277453,1.3356924,1.3729215
0.3379345,0.06879568,0.04478693
0.79630613,0.61306953,0.75969696
-0.25683045,1.1299968,0.60538054
0.30611753,0.28078556,0.31120777
-0.034695864,0.19090176,0.18250942
-0.45114756,-0.73800683,-0.5671084
-0.08969307,0.08983612,0.28816462
0.3637433,0.039947033,0.21277666
0.86061954,0.54216385,0.022804737
0.42390823,0.49450397,0.21328926
0.68650246,0.4560113,0.25200844
1.0677338,-0.26283264,-0.28935075
0.41724443,-0.020217896,-0.12168288
0.05452633,-0.080788136,0.20576715
-0.49896836,0.020194054,0.41322708
0.5985856,0.5586624,0.662446
-0.4538715,-0.233078,-0.4981935
2.535677,1.0547876,0.29981136
0.24331808,0.9615421,0.41686296
1.8859029,1.1715531,0.89570284
0.6170988,0.38852692,0.5639553
-1.46088,-0.7400453,-0.56853294
1.4486194,1.0213733,0.61906576
-0.17998219,0.14762878,0.08627176
-1.1846662,-0.12637973,-0.70093274
0.48661232,-0.35681129,0.09354353
-0.77365637,-0.04196167,0.35988092
2.589476,1.1780977,1.1074185
1.2828827,-0.03182888,0
-1.8778324,-1.3192356,-1.0643303
-0.6795764,-0.3651142,-0.49836636
-1.6649783,-0.67350864,-1.0250509
1.7926693,0.6046057,0.48012733
-1.4698386,-0.17689466,-0.5238354
1.0872126,0.29221773,0.40996075
0.3324747,1.0120153,0.46002865
2.6775599,1.1516333,0.71059465
-0.40355325,-0.45642853,0.36917925
-2.4023116,-0.55942535,-0.6864846
-0.57733655,0.36016703,0.0390172
-1.5418291,-0.9651661,-0.5046904
3.2250285,3.1713367,2.5969863
2.3032904,2.4733782,2.0847082
-0.23064017,-0.23237467,0.086677074
2.4118304,2.3326993,1.3308406
0.90099573,0.98341703,1.0218263
-0.020647049,-0.22818446,-0.24104714
-2.842921,-2.0451546,-1.3449013
-5.636388,-3.8882852,-2.998644
4.123068,3.5940766,2.7879953
-0.39510727,0.44708252,-0.28534532
0.4810691,-1.1162698,-1.3035059
-4.0564117,-2.928865,-1.5759885
-2.7143478,-1.604563,-0.9802401
0.1307249,0.39211512,0.31465292
2.1297812,0.8011937,0.3394127
3.026843,2.4067402,1.6692042
-2.816838,-1.4022171,-0.5348027
0.40608644,0.3898263,-0.1036644
-1.8525362,-0.82689524,-0.3733635
0.10998249,-0.10727048,0.2309084
-3.0175626,-3.308785,-1.8904746
-4.420078,-2.7732968,-2.177906
-0.57181716,-0.14098883,-0.4866898
-0.9868443,-0.6702006,-0.5370319
2.5575757,2.1039724,1.4814258
0.7219672,0.3484726,0.4781723
-0.4429102,0.8371234,0.55840015
-2.4409533,-1.2148976,-1.2256682
0.8266449,-0.04082322,0.045979023
-0.54222345,-0.5581498,-0.49569607
0.47234297,-0.73536634,-0.33442378
-0.7014096,-0.14083982,0.03042221
-2.6169538,-2.9483497,-1.8725693
-0.4644692,0.69799423,-0.19360185
2.2355318,2.3958206,2.2536993
-0.41145086,0.14113188,-0.50753355
-2.8049827,-1.8599153,-1.2640238
0.7317662,0.33750534,0.70044994
-1.0607243,0.54894686,0.12820959
0.4507184,0.009989738,0.28740168
1.1593223,0.7948518,0.5857825
1.2611866,-0.5105138,-0.43175817
1.5041709,1.7829895,1.6320348
-0.9766817,-0.040739775,0.23146868
2.4956584,4.4019103,3.0288577
-0.8146107,-0.010627508,0.327003
1.4346004,0.94439983,0.72300434
0.57104826,0.22587776,-0.05620122
1.7027497,1.1422992,1.2354732
1.7112494,1.345098,2.1898985
3.94094,2.6134133,1.3072252
-0.09446144,-0.23701787,-0.050467253
-1.6939282,-0.42706728,-0.45211315
1.1083007,0.37225485,1.1603355
-2.9746354,-3.114754,-2.2793472
-1.6233623,-0.8560002,-0.8322537
2.9316425,2.5102735,1.6841888
-0.5586386,-0.9461999,-1.1222959
2.440238,1.7919064,1.5333056
-2.3624718,-1.630491,-1.1659741
-3.3891797,-3.0752838,-2.3862243
-0.28685927,-0.34053326,-0.67522526
0.5010605,-0.18057823,-0.21550655
1.8614411,0.6737232,0.7466078
0.45472383,-0.053435564,-0.028246641
1.3933897,0.4185915,0.42949915
-0.3574133,0.10744333,-0.16989112
3.4579754,1.7269611,1.1455655
-1.1454225,-0.09390712,0.1721263
1.7313838,1.4130592,0.9516001
1.2977481,1.0390401,0.6831646
2.0121217,1.5468717,1.5654087
1.3588309,0.94047785,0.9826541
-0.9828508,-0.8302927,-0.61146617
-0.4988432,0.54894686,0.3827691
0.16577244,-0.6024778,-0.67519546
0.042009354,0.20503998,0.24479628
0.36702156,0.3888011,0.34923553
-0.5283594,-0.56850314,-0.22945404
0.6714344,0.5487561,0.5468726
-0.23690462,-0.011432171,-0.08537173
1.2185574,0.76019764,0.291121
1.9858837,-0.092059374,0.6636858
-0.14392138,-0.12642145,-0.14631748
2.6660204,1.4930606,2.092111
-1.0715067,-0.602895,-0.45952797
0.1871705,0.6182909,0.31973124
-0.06558895,-0.20954609,-0.017541647
0.7385254,0.5266309,-0.18388629
-2.5713325,-2.409774,-2.0297527
-0.74684024,-0.6355047,-0.5409539
-0.29622912,-0.31673908,-0.11931062
0.91906786,1.0054946,0.97237825
-0.15373826,0.114393234,-0.25749207
-0.13400912,-0.3306389,-0.2141118
-1.7965138,-0.75808764,-0.79021454
0.3367424,0.36338568,0.3239274
0.29530525,0.19341707,-0.059634447
0.2703309,0.45719147,0.11087656
0.059354305,-0.011432171,-0.17028451
0.88983774,0.022864342,0.17912388
2.9883146,0.5055189,0.7043481
1.4979482,0.729084,0.70062876
0.7456541,0.20874739,0.025951862
0.21795034,-0.03477931,0.23415089
-1.457423,-0.96327066,-0.78641176
1.3096571,0.9726405,0.6704211
0.7887721,0.46588182,0.5393982
0.7445097,1.585424,0.9677291
0.22096634,0.27285814,0.3175497
0.7512927,1.7872334,1.1001825
3.3019423,4.8493266,2.745378
-1.668185,-0.89095235,-0.6644249
-2.9711664,-1.0799348,-0.73183775
0.7652283,1.3715863,0.5633354
-0.27618408,0.58220625,0.47461987
0.48463345,0.89389086,0.8099556
-1.0614097,0.15347004,-0.22038221
-1.9980967,-2.2771537,-1.4827371
0.11546612,0.5908847,0.8659601
-0.08278489,-0.097966194,0.10961294
0.07288456,-0.33795834,0.018274784
1.1239648,0.8075714,0.63904524
0.45346022,-0.03733635,0.10585785
2.2227526,1.1219382,1.0792613
-1.4519751,-1.0225952,-0.647068
-0.9231031,0.050520897,-0.4417479
0.9097338,0.7764816,1.1261106
2.9690266,1.4331818,1.9933581
-0.89713335,-0.9312153,-0.6225884
0.76731443,0.16399622,0.2079606
-0.27832985,0.48925877,0.17992258
3.8063645,2.291584,2.1079063
-2.3904562,-0.5500972,-1.5610099
-4.3320656,-2.165562,-1.8772781
-2.1309197,-1.1901796,-1.0809302
1.273191,0.9845376,0.6443739
-1.488018,-0.44551492,-0.50235987
-0.3623724,0.30642748,0.25041103
1.9918561,1.7539263,1.3441086
-0.5791068,-0.18155575,-0.21534562
0.2878785,-0.9250939,-0.25297403
1.7482281,0.9599209,0.4322052
-0.60623884,0.025951862,-0.66268444
0.018441677,-0.32333136,-0.6307721
-1.0783792,-0.9226024,-0.99164844
-0.5218625,-0.5606532,-0.4652202
-0.0213027,-0.5070925,-0.11047125
1.1119366,0.11422634,0.56004524
0.3366351,0.7544756,0.26695728
0.4030943,1.1773825,0.9854078
0.63192844,1.0458946,0.2525568
0.066030025,0.039231777,0.3732443
-0.170362,-0.8429527,-0.4099071
0.33487082,0.8764982,0.817132
2.0076752,0.32812357,0.5667329
-0.21143556,-0.15724897,0.131464
0.21425486,-0.07857084,0.13353825
1.9549489,0.925076,1.072073
2.0609856,0.6116152,0.50024986
-1.0507286,-0.8960366,-0.5929053
1.2420654,1.1731744,0.74180365
1.1258364,0.72512627,0.52285194
-2.9978871,-2.4112105,-2.0767152
2.0524979,0.5666852,0.21858215
-0.061440468,0.58324337,0.4390955
1.1633635,0.27914047,0.38329363
0.8624792,0.09313822,-0.19127727
1.2427449,0.7371664,0.567472
-0.42709112,-0.08035302,-0.15364885
-0.5217016,-0.81030726,-0.8190334
-2.2732139,-1.6333461,-1.4928579
-0.27620196,-0.4940927,-0.57742
0.079119205,0.43092966,0.24312735
-0.8725107,-0.5196154,-0.2890408
-0.1942277,-0.2591312,-0.47327876
-0.46890974,0.28586388,-0.092709064
0.20933151,-0.272125,-0.29580593
-2.1060646,-0.38725138,-0.47837496
-0.21068454,0.116312504,-0.018399954
0.14272928,0.09183884,0.5177498
1.4086366,1.4420629,1.055789
0.32830238,1.3430834,0.67726374
1.2694001,0.1598239,0.31137466
-0.8982897,-0.5299449,-0.3572762
0.47994852,1.356256,0.7865071
1.3641834,0.8805275,1.0339856
0.22788048,-0.5791247,-0.59954524
-1.7577708,-0.61571,-0.14254451
0.4487872,0.53828955,0.343287
1.5841484,0.36466122,0.7687211
-0.14742017,0.16233921,-0.13434291
0.64007044,-0.027054548,0.06722212
-1.0921657,-0.96437335,-0.885123
-0.007933378,0.18787384,0.25763512
2.506709,0.48543215,0.5372286
2.1478891,1.311481,1.2137055
1.1450529,0.5080223,0.47804117
0.5845785,0.4274726,0.5690813
-0.3646195,0.84826946,0.7612467
1.8280506,1.5807152,1.4340162
0.048244,-0.36453605,-0.35971403
0.10033846,0.014078617,-0.36833882
2.7879596,0.78026056,0.80280304
-0.3506422,-0.18408895,-0.7371247
0.7592201,1.116848,0.6315112
2.6658177,0.9978175,0.93079805
0.3806591,0.48097372,0.45735836
-0.35654902,-2.1206021,-1.7377377
0.45585632,0.38548708,0.8175731
-3.020376,-2.7492285,-2.7914226
-2.0846248,-0.2907455,-1.199013
1.409328,0.36126375,0.76972246
-0.8140564,-0.013893843,0.01950264
-0.668782,-0.06940961,-0.18484592
1.385212,1.6081214,1.3508201
-2.1784902,-0.67255497,-0.8117378
-0.031167269,0.67710876,-0.12697577
-0.51425695,0.9397626,0.48091412
2.2011995,1.3419867,1.221931
3.0288815,1.4344335,1.4513254
-2.2745907,-1.0421515,-1.1654556
-1.8401802,-1.4706731,-0.92766285
-1.0736644,1.213336,0.5257964
-2.2014081,-1.6200066,-2.0883858
1.339376,1.048255,0.7042885
-1.1134923,-1.1918306,-1.5029371
1.187098,0.85862875,1.1104703
-0.26363134,-0.22445917,-0.13619661
0.29779673,0.75844526,0.6559968
-0.3316641,-0.028759241,-0.13681054
0.89467764,0.72432756,0.8988738
-1.1457026,-0.057911873,-0.403893
0.9330869,0.4070282,0.43426752
-2.0620167,-0.85181,-1.5067577
-1.2078702,0.07355213,0.41583776
1.783371,1.5080452,1.3193607
1.7100096,1.1552215,1.5568495
2.8402448,2.6139736,1.8933535
0.09319782,0.39670467,0.15375614
0.076794624,-0.2738893,-0.25559664
-0.7340908,0.04566908,0.07162094
-0.42027235,-0.106447935,-0.61012506
1.5317678,0.4583001,0.32646656
1.6869307,1.4097571,1.0828018
-0.6839514,-2.3301482,-2.1295905
-0.6447375,0.19708872,-0.49221516
0.2053976,0.4875064,0.21145344
0.04374981,0.22904873,0.4956007
1.9433975,0.7228613,0.27383566
-2.905494,-1.0033727,-1.4295697
0.47812462,0.9669423,0.77574253
0.8124113,0.7433891,0.29301643
4.71406,1.2068987,1.5493512
-1.4746547,-0.39032698,-0.38838387
-0.4017055,0.12506247,0.5033374
1.88061,1.3466477,1.4273763
-2.5294304,-2.1850288,-1.7867208
0.9599328,0.40063858,0.14971495
1.3879657,0.64594746,0.7329345
2.6848793,1.3007641,1.201427
0.36822557,-0.015854836,0.2093792
0.19165277,-0.079238415,0.041890144
-0.20142794,-0.09499788,-0.7381201
0.53299665,0.30173063,0.208354
-1.676178,-0.6312072,-0.69315434
1.6424656,0.9076476,1.2040615
-0.24502277,-0.60145855,-0.44716
1.4346719,0.65318346,0.81014633
1.3661981,-0.031852722,0.17684698
0.2674222,0.27148724,0.76367855
-0.5283296,-0.11165738,-0.642848
0.7071614,-0.20694137,0.042176247
-0.7381737,-0.0477314,-0.39892793
0.8391142,1.0450125,0.8043766
-0.0705421,-0.016069412,-0.2218008
-0.72066784,-0.5753577,-0.65057874
-0.58391094,-0.2550602,-0.20942092
0.5731225,0.30380487,0.4523039
-0.36844015,-0.31718016,-0.68944097
0.35994053,0.31177998,0.47229528
0.20495653,0.45228004,0.52753687
0.7965803,0.55297613,0.3493905
0.055241585,0.11802912,0.04236698
0.7901788,0.5151987,0.48962831
1.2126207,-0.53346753,0
1.2456775,1.1610746,1.3484359
1.2219667,-0.32583475,0.35725832
0.6696224,0.44187307,0.1952529
1.5867949,1.2804389,1.1853814
0.07637739,-0.52978396,-0.12058616
-1.1716425,-0.5755961,-1.4583528
1.4679074,0.24658442,0.43398142
-0.7036567,-0.5559921,-0.78569055
-0.8250952,-0.8266866,-0.38612485
0.30525923,0.9492636,1.2925029
-0.25526285,0.36135912,0.25043488
-0.28463006,0.2139926,-0.010889769
0.6321311,-0.11509061,0.10899305
-0.37914515,-0.21328926,-0.20666122
-0.38357973,-0.016403198,0.119781494
0.9226203,0.36219358,0.41552782
-0.96660256,-0.71918964,-0.6626129
-0.3618121,0.29507875,0.19590855
1.0594606,0.9432435,0.922668
-1.429373,-0.9668946,-0.8494854
1.5015006,1.1604786,0.6908655
0.3015995,0.31597614,0.24183989
-0.6445527,-0.10134578,-0.28499365
0.41546822,0.25149584,0.8177757
-0.4202783,-0.89138746,-0.7785082
1.0186791,0.5644083,0.78127384
0.19843578,0.18293858,0.49194098
-0.78486204,0.16658306,-0.65092444
0.5748153,0.1835823,0.099384785
0.109386444,0.10023117,0.12162924
0.060367584,0.20086765,0.17722845
-1.1131763,-0.78059435,-0.7148385
0.22616386,1.6889095,0.79814196
0.20686388,0.1183629,0.06655455
-0.79215765,-0.7385075,-0.6611526
0.25094748,0.38753748,0.67784786
1.3460398,0.9525418,1.1547565
0.54951906,0.5129099,0.4735589
0.65528154,1.2112856,0.70399046
0.5562067,0.87275505,0.78965425
0.13263226,1.2369633,1.0757685
3.2792568,1.2162447,1.6819596
1.6330242,1.4148355,1.2142777
-1.0591149,-1.1635184,-1.0833681
-0.13545156,-0.18074512,-0.24667978
-1.0582983,-0.9219885,-0.39780736
-0.07355213,-0.017726421,-0.25674105
-0.77801347,-0.7739663,-0.49930215
0.17380714,0.33533573,0.02323389
-1.1723757,-0.68361163,-1.3406634
0.9162307,1.1704206,0.983572
0.8966923,1.0754585,0.8754492
-0.552845,-0.303787,-0.77599883
-1.1947751,-1.0608256,-1.3933301
-0.27610064,-0.6324589,-0.46607256
1.448822,0.9756923,1.0800958
1.4594674,0.6247759,0.5081415
-0.5409479,0.017857552,0.15035868
-0.42357445,-0.1604259,-0.19623637
-0.075507164,-0.28439164,-0.01154542
0.013852119,0.28520823,0.06929636
-0.19292831,-0.19569397,-0.23046136
-0.8025408,0.035595894,-0.011521578
1.6263127,1.1703253,1.038444
0.45517683,0.41583776,0.50076246
-0.41283965,-0.14442801,-0.33815503
-0.47059655,0,-0.023311377
1.1549711,0.7640481,1.0246038
0.41384697,0.80690384,0.40203333
1.967597,0.16531944,0.59474707
1.4380336,1.2084007,1.191616
2.28616,0.6361127,0.69082975
-0.87687373,-0.48407912,-0.85315704
-1.8938959,-1.8816292,-1.7241359
-0.06740689,-0.27326941,-0.24737716
1.7531991,0.054860115,0.10613203
1.250124,0.32900572,0.6289363
-1.1158109,-1.1390388,-1.1379659
-2.5054514,-1.3026416,-1.524955
-0.0625968,-0.7790327,-0.14996529
1.734817,0.07086992,0.16175508
-2.2454083,-1.0865808,-1.017952
1.6016126,0.9375572,0.87690353
-2.3373902,-2.2310615,-1.5559375
-1.1482537,-1.060915,-0.7663727
0.16380548,0.32618046,0.6579757
0.16900301,-0.17137527,-0.1698792
-1.8889308,-0.9169638,-1.0311544
-0.48267245,-0.3902197,-0.50183535
-3.0716598,-2.279836,-2.1817386
-1.3743937,-0.5588412,-0.44527054
1.3617992,0.24847984,0.21767616
1.2055993,0.86289644,0.9459615
0.41503906,0.77039003,1.3461709
-0.6484628,-0.21724701,-0.06676912
0.42152405,0.21772385,0.11140108
-0.76153874,-0.25058985,-0.4987836
-1.7448306,-1.1558771,-1.0202944
-0.96542835,0.16540289,0
0.1980424,-0.44459105,0.13183355
0.4016161,0.4798174,0.408113
0.70647,0.4487276,0.51276684
1.0147214,0.1497984,0.21945238
0.7939935,0.5186558,0.41280985
0.101709366,0.11725426,-0.12257695
1.4833093,0.5388975,0.5859852
-1.2647688,-0.7852912,-0.52714944
-0.52835345,-0.39807558,-1.0917485
-0.993675,-1.2502849,-0.5701721
0.44463873,-0.50687194,0.40735006
0.25702715,0.6417632,0.5758047
-0.4384935,-2.2613227,-0.76915026
0.7411599,0.77147484,0.54131746
1.0913014,0.89942217,0.66714287
0.85214376,-0.5043864,-0.848943
0.8650422,0.72107315,0.93489885
-0.042784214,0.06560087,0.13372898
-0.17291307,0.46128035,0.5040407
-0.88557005,-0.34477115,-0.1878202
-0.0559628,-0.2946496,-0.28093457
2.069378,0.908494,1.346767
-0.31730533,0.08265972,0.22422075
1.6127944,2.839172,1.5524387
0.6883502,0.10211468,0
-0.56508183,-0.10200739,-0.19510984
-0.0536561,0.22150278,0.253129
0.2789259,-0.35654306,-0.05749464
-0.03184676,0.05096197,-0.023001432
1.3288379,1.2730002,1.2101531
0.07535219,-0.15458465,-0.18582344
0.7672787,0.29284954,0.27952194
-0.04697442,-0.6333411,-0.5674541
-0.09532571,-0.085520744,0.023162365
-0.3855765,-0.18777847,-0.49561858
-0.84806085,-0.32328963,-0.27586222
0.8241296,0.42721033,0.42710304
0.75427294,0.46352148,0.3242612
-0.20896196,-0.23993254,-0.20802021
0.18109083,0.65523386,0.63967705
0.009417534,0.27657747,0.046539307
-0.7812917,-0.99264383,-0.60142875
0.25436878,0.5506754,-0.43758154
0.70170164,0.9204507,0.21926165
1.0774612,1.195085,1.0967255
-0.40833354,-0.75004697,-1.3239741
-1.6169846,-0.86460114,-0.5495727
-1.483953,-1.0776579,-0.7725537
-1.449883,-1.300019,-0.833714
2.315116,1.4212251,1.7539859
2.071619,1.5122652,1.4302373
1.8766522,-0.05212426,0.25646687
-1.1375487,-1.0316372,-1.3569474
-1.3573885,-1.8065155,-1.159358
-0.9302199,-1.5131354,-1.312393
-0.4760921,-0.6443083,-0.17914772
0.45099258,0.31487942,0.15699863
1.0886788,0.7345557,1.0768533
0.6918788,1.9400954,0.73076487
0.91326237,0.42728186,0.85214376
0.7980466,0.7924199,0.8711815
-1.0918558,-0.4629612,-0.42794943
-1.5178323,-2.2788227,-1.3576746
0.49488544,0.9813905,0.6892562
-0.95227957,-0.9220481,-0.6278515
-0.4128754,-0.66610575,-0.3866315
0.71253777,0.53573847,0.46840906
2.483666,0.67418814,1.0622263
2.6512861,1.697123,2.0141363
-2.507794,-0.000172853,-0.23138523
1.4634371,1.5668511,1.4144897
0.8324981,0.06967783,0.20301342
-1.3687551,-1.068598,-1.1800826
1.9041657,1.0801315,1.4485836
-1.2955844,-1.2048125,-0.9251535
0.15505552,-0.08599162,-0.10663867
1.2474895,0.93734264,0.51208735
0.99437237,0.9462118,0.64724684
1.1474609,0.9909749,0.9193182
1.602447,0.84768534,1.1006474
-1.3490856,-0.71757436,-0.37768483
1.6287804,1.6204476,0.5404353
-1.7498672,-1.5073597,-0.5011618
1.2135863,1.1661291,1.0343552
-1.1589944,-0.46428442,-0.36805868
1.7067313,1.5044451,1.2672424
1.1271238,0.80394745,0.6250739
0.5189538,0.6251097,0.6163478
-3.0900836,-2.1938503,-2.0211995
-0.83633065,-0.64320564,-0.3805995
-0.7852018,-0.97310543,-0.96060634
0.12845993,0.55150986,0.5256057
0.26688576,0.44674873,0.257349
1.1476636,1.0108232,1.0151029
-0.30335784,-0.43134093,-0.6762624
0.08407831,0.21613836,0.13543367
2.6785731,1.6849875,1.2591958
-1.4859319,-1.2122333,-0.92638135
-2.7172148,-1.5323341,-1.7952502
-0.1193583,0.26813745,0.5856514
-0.2967596,-0.9203553,-0.72674155
-0.20175576,-0.8249998,-0.33800006
1.3511181,1.0450363,0.55838823
0.9676218,0.42892694,0.5983591
-1.3056219,-1.2488961,-0.8475542
0.53960085,-0.42039156,-0.19335747
2.254498,1.0442495,0.7058501
-2.084422,-1.2410402,-1.1548162
-1.2361169,-1.0550022,-0.7403016
0.79751015,0.034606457,-0.01193881
-0.32411218,-0.44781566,-0.22631884
-0.53171515,-0.068843365,-0.11898279
0.895679,1.7869592,1.0095
0.7854104,1.080215,0.62885284
1.8877864,1.949811,1.7097116
0.08794069,0.3260255,0.49444437
-0.35129786,-0.62995553,-0.72401166
0.87116957,0.68866014,0.90390444
1.5362501,-0.39711595,-0.3208995
-0.47958493,-0.09016991,-0.25853515
1.5244126,1.4341593,1.3474703
-0.23310184,-0.3536284,0.012481213
-1.3959646,-0.47169328,-0.7689357
0.48452616,0.18174648,0.18732548
0.95796585,0.5298734,0.47363043
-2.7496696,-2.9781938,-2.3729563
-1.955086,-1.5291691,-1.4272571
0.45056343,0.2555132,-0.011986494
-1.5210748,-0.57421327,-0.56052804
0.61900616,0.034809113,0.20315647
0.8812666,0.61296225,0.7464528
0.44219494,0.4750967,0.43530464
-0.010979176,0,-0.08457303
-0.4852414,-0.612098,-0.3851235
-0.48599243,-0.034964085,0.10843277
1.7922997,1.7250657,1.219511
0.48439503,0.51841736,0.5764723
0.08186102,0.2508998,-0.024527311
0.43421984,0.6856799,0.46815872
-0.77064633,-0.7165909,-0.6487131
0.5839467,0.41373968,0.43023825
-0.19638538,-0.412035,-0.24525523
0.983572,0.48605204,0.30750036
-0.627929,-0.48369765,-0.37985444
1.0790706,1.0499597,1.0149717
-0.034672022,-0.4684627,0.099122524
0.2035737,0.19859076,0.33564568
1.6163588,0.94769,1.15695
0.7210016,0.49450397,0.5055547
-2.0831048,-2.3954213,-1.9578636
-0.82141757,-0.28520226,-0.13612509
-0.46354532,-0.6024122,-0.6149292
1.1413932,0.8577585,0.7184386
-0.5474746,-0.07143021,-0.3702283
0.27651787,0.35842657,0.16069412
-0.023376942,0.9041548,0.48440695
0.20270348,1.449275,0.6752491
2.030313,2.8684616,1.8855929
0.072562695,-0.11309385,-0.038206577
-1.8525124,-1.7046571,-1.2575448
-2.121359,-0.4977882,-0.11305809
0.7566333,1.0620475,1.1305928
-0.011962652,-0.38976073,-0.45523643
-0.8560896,0.26050806,0.025308132
2.3301601,1.224339,1.1385441
-0.4545629,-0.5246341,-0.59766173
-0.44931173,-0.5404413,-0.5564034
-0.83542466,-0.13027787,-0.36537647
-0.7595897,-0.35237074,-0.18862486
1.1622071,0.54073334,0.13850927
1.0860205,0.694716,0.77410936
0.5308628,-0.14998317,-0.12674332
2.1162152,1.4840126,1.2836933
0.5006671,0.30534267,-0.03849268
-0.25012493,-0.53150654,-0.5868077
0.9157419,0.7265806,0.74540377
-0.7920146,-0.47573447,0.09003878
2.4303794,0.82502365,0.7647395
0.5311489,-0.723809,-0.36161542
-0.65110326,-0.49279332,-0.5394995
-0.750947,-0.9201884,-0.61279535
-0.36275983,0.018775463,-0.1275003
1.2139201,0.90978146,0.6157875
0.67408085,0.24700165,0.32174587
-0.049716234,-0.28419495,-0.32072067
0.7513523,0.39947033,0.3992796
0.5505562,-0.60502887,-0.29537082
1.9287109,0.78605413,1.0773659
1.3283014,1.5647769,0.93016624
0.8429408,0.26974678,-0.22221804
1.4963269,0.272429,0.17809868
-0.49054027,-0.6380558,-0.69701076
0.9209752,0.7597923,0.58863163
0.25879145,-0.17502308,-0.20885468
0.9960413,0.84329844,0.61728954
-1.2763798,-1.3542235,-1.219517
0.86447,-0.077325106,0.29928684
0.3554225,0.9759903,0.60611963
0.22438765,-0.07802248,-0.121605396
0.337708,0.41128397,0.6051183
2.6065707,2.7364254,2.5357366
-0.24579763,-0.5005002,-0.22876859
0.6397009,-0.35906434,-0.30856133
0.5636215,1.6011357,1.5808225
-0.33123493,0.0608325,-0.040876865
-1.1782467,-0.9441495,-0.40699244
-1.0353148,-1.2301624,-1.0205507
1.8504024,1.9211292,1.8462777
-1.6444266,-1.9627213,-1.6939938
-0.32442212,0.079357624,0.40496588
-0.14543533,0.21873713,0.43383837
0.21389723,0.8826494,0.24462938
-0.70950985,-0.040107965,-0.20344853
0.08840561,-0.5583286,-0.1354456
3.3869863,3.7014127,3.3888817
-0.087445974,0.5614519,0.6058097
3.707993,4.475343,3.5902023
-0.8907795,-0.8615136,-1.0827184
-1.7137349,-1.6938388,-1.3388455
1.3116002,0.38256645,0.12834072
4.9421906,-1.1346936,0.7326603
-0.6438613,-0.10495186,0.3604412
-0.8990586,-0.79134107,-0.9708762
-1.570642,-1.4165461,-1.407659
0.3888607,0.4951477,0.46669245
-0.31980276,-0.818491,-0.7300377
1.6501069,1.9399285,1.9902706
-0.026738644,0.7354498,1.0270476
-2.6229084,-2.6391208,-3.16571
-0.20288825,1.4318347,0.4502654
0.34600496,0.20793676,0.7370591
-1.6938269,-2.156669,-1.7956495
1.2528539,1.4238596,2.907896
0.27227402,0.7484436,0.881505
-2.1202385,-1.9367993,-1.6067207
-2.0959437,-2.0371497,-1.9654274
0.2857089,0.20011663,0.1815319
2.1560907,2.3136854,2.0958066
1.7580032,2.9945254,2.1704316
-2.7719736,-2.488184,-2.3192883
1.7007709,1.8002987,1.5460134
1.4902711,1.9093394,1.2582302
0.7257819,-0.11719465,0.35237074
-0.91643333,-1.2415826,-1.1896133
0.9065509,-0.10510683,0.29098988
-2.2350013,-2.6601195,-1.800251
0.35299063,0.5762458,0.9665251
1.5363574,0.45483112,0.36195517
-0.6113827,0.41519403,0.37785769
-0.25351644,0.43786764,0.04361868
2.515006,2.7861118,2.7180433
-2.141738,-0.55413246,-0.54953694
2.4107575,2.423048,1.6762376
2.8941274,1.2823343,1.2693048
2.4007082,2.7254105,1.8218637
-4.5460167,-3.7385285,-3.2248318
-0.8213401,-1.4754951,-0.95522404
0.03888607,0.79267025,0.9340167
-2.624476,-2.0002186,-1.8192649
1.3849616,1.4899611,1.3795137
0.4209876,0.8054018,1.060772
0.91934204,0.4155159,0.2278328
-2.7798772,-2.3064315,-2.859342
-1.6821444,-2.396828,-1.7282903
0.67483187,0.5237818,0.77439547
-0.16130805,-0.3964901,-0.47985315
0.072836876,0.39806366,0.40881634
0.8907795,1.3160706,0.6243944
1.0486245,1.2038827,1.28721
1.4217734,1.0629535,0.62892437
0.68244934,-0.53983927,-0.3729701
-3.019011,-2.599585,-2.3740232
-0.10522604,-1.0077,-0.50716996
2.9673338,3.1572104,2.6781797
1.3771534,0.064480305,0.41834116
-2.0174623,-2.2889555,-2.2491634
-1.5296936,-1.5301943,-1.2119412
0.10309219,0.3736019,0.4099846
1.0487437,1.3249278,0.8292556
3.184867,3.6851287,2.8473258
2.3967624,1.6851544,1.5469074
-2.2069633,-2.0629764,-2.1203518
0.47878027,1.8354654,1.4696956
4.0157676,3.8585186,3.221774
-0.44252872,-0.7069528,-0.031268597
0.19501448,-0.9263456,-0.31172633
-4.7464848,-4.3854,-3.952092
-0.52028894,-0.19404888,-0.044888258
-0.5512953,-1.1719584,-0.2686143
3.2214642,2.9618263,2.0560384
2.0525813,0.75154305,0.75188875
4.0965915,4.4080257,4.0721774
-4.919404,-3.6254406,-3.6911666
6.2927365,4.5338273,4.533756
-6.4737854,-5.410165,-5.0816417
-0.7938266,-0.2500832,0.10693073
-8.090615,-5.658346,-4.896122
-0.11726618,0.6205797,0.45243502
-3.0424058,-3.5549343,-2.849853
-1.5102506,-1.1318505,-1.3703048
0.5265355,0.079488754,-0.52871704
0.21348,-0.2576828,-0.055611134
-2.8220475,-1.1365831,-1.4252424
-1.0026932,-0.5457103,-0.7615924
-1.7906785,-1.3838112,-1.2887597
0.4921317,0.5022168,0.013422966
1.5934706,1.1132836,1.1956573
-0.86295605,-0.31152368,-0.7149577
1.8375278,0.98309517,1.0220766
-1.2895763,-1.0698318,-1.0517895
-0.21551251,-0.2909243,-0.22870898
-0.54870844,-0.13557673,-0.09408593
0.6399274,0.99766254,0.71747303
-0.06439686,-0.07818937,-0.013530254
-1.9117236,-1.9359767,-1.2299538
0.27184486,-0.038319826,-0.040090084
0.61694384,0.59752464,0.3217697
0.5464554,0.27058125,0.45790672
0.27217865,0.15486479,0.06738901
1.0970831,1.4731884,1.1036873
0.31677485,0.8718014,0.5617976
0.1758933,0.51783323,0.59269667
1.9164324,0.86380243,1.3409734
0.8179307,0.6673336,0.47718287
-0.7645309,-0.72274804,-1.3431191
0.57834387,0.0803709,0.5149603
-0.3308475,-0.30047894,-0.51232576
1.2498379,1.5253186,1.1201382
0.8497596,0.32646656,0.96126795
-0.7121742,-0.40642023,0.07072687
-0.36882162,-0.22303462,-0.268054
-1.0567784,-0.7845521,-1.3363004
0.84245205,1.0406852,0.95558167
-0.31098127,0.2404213,0.38087368
-1.9124091,-0.88852644,-1.2674153
-0.24961233,0.52781105,0.65538883
-0.34046173,-1.262778,-0.37347078
1.0921955,0.38229227,0.88756084
-1.7839551,-1.9530416,-0.8937299
-1.0251403,-1.2083471,-1.0091186
0.65556765,-0.1945138,0
-1.9227505,-1.1346161,-1.6317725
1.1339545,0.89250803,1.0184288
0.3432274,0.6051183,0.41185617
0.6477356,0.886178,0.4155159
0.6929755,0.29625893,0.6692648
-0.3448367,-0.1380682,-0.2919495
-1.4316976,-1.2465894,-0.9605169
0.12294054,-0.40736794,-0.49650073
-0.4364133,-0.09689927,-0.25963783
0.8859277,0.97846985,0.63256025
0.17659664,-0.17581582,-0.17844439
-1.4297128,-0.6405294,-0.41012168
-0.58593154,-0.75129867,-0.66539645
1.4201403,1.5453815,1.3766527
-0.64705014,-0.7378638,-0.50678253
0.52051544,0.66457987,0.78685284
1.5074253,0.63180923,0.75104237
1.4021635,1.0912657,0.91228485
-1.3498068,-0.5143404,-0.47492385
-0.74698925,-0.64858794,-0.43116212
-0.7838309,-0.46948195,-0.6631613
0.60777664,0.61011314,0.555706
-1.1371434,-0.3334582,-0.22178292
0.027441978,0.058877468,0.26407242
2.4002194,1.5344739,1.4237285
1.5024304,0.94548464,1.0426164
-0.54444075,-0.16067624,-0.14506578
0.04761219,0.55133104,0.028443336
1.8005371,1.1996746,1.0930538
-0.36861897,0.20478964,0.3898263
-1.1836171,-1.4729619,-1.1982858
1.1330009,1.019156,1.1398077
0.7733345,0.38878918,0.55128336
1.0078192,0.5762458,0.17440319
-0.3445089,-0.45073032,-0.14512539
0.014126301,0.4527688,0.55451393
0.03296137,0.09269714,0.23401976
-0.17861128,0.2788663,-0.08767843
0.097858906,0.4356861,0.39612055
1.1093259,1.3456702,1.0376573
0.24797916,0.7413745,0.71662664
0.73595047,0.8329749,0.9189367
0.59924126,-0.3617823,-0.046533346
1.7765641,2.1410704,2.2182941
1.5534163,1.0100007,0.8382559
-0.27893186,-0.49159527,-0.39966702
0.15165806,0.41685104,0.30783415
1.5810251,1.1091352,1.0246634
0.3070116,-0.022172928,0.04091263
-0.19480586,-0.044339895,0.08580685
0.74619055,0.60213804,0.7256031
0.5974293,0.0736475,0.4692793
0.4233837,0.78047514,1.040554
-1.2803912,-1.7892659,-1.7002463
-0.9471595,-0.4617393,-1.0608435
-0.46934485,-0.7420361,-0.75847507
0.7615328,0.30647516,0.3728032
-1.7716289,-1.0827184,-1.2358189
0.15741587,0.30407906,0.11553764
1.1182666,1.5215039,1.2130618
-0.6267071,-1.6268969,-0.6672144
0.01001358,-0.75350404,-0.5194366
1.4752388,1.8195987,1.655829
0.7327795,0.41800737,0.23504496
-0.6547868,-1.1746824,-0.84605217
0.10688305,1.6360879,1.3610363
2.0196676,1.5035868,1.1944532
-0.07574558,-2.1304607,-0.6172836
-0.9088993,-1.3434529,-1.1873782
-1.9180775,-1.7959714,-1.5338421
-0.17516017,-0.30971766,-0.5281806
0.25331974,0.12743473,0.41546822
0.4521489,0.7058859,0.6812811
0.07203817,0.23585558,0.06942749
0.72039366,0.49557686,0.33619404
0.1678586,0.25923252,0.10740757
0.6417632,-0.08633733,0.062310696
-0.7362306,0.16864538,-0.108760595
-0.02862215,-0.28888583,-0.031268597
-0.1480043,-0.30004978,-0.062179565
0.25686026,0.18433332,0.2056241
-0.5951047,0.5194783,0.57873726
0.037658215,-0.8158028,-0.4622221
0.87668896,0.72004795,1.4475584
0.70192814,0.5588174,0.2601266
-2.7936041,-2.1905541,-2.238953
-0.47306418,-0.021260977,0.080537796
1.2557387,0.7713795,0.40199757
0.20804405,0.3224373,0
0.8804202,0.8673072,0.45233965
-0.91697574,-0.90245605,-0.419271
-0.12461543,-0.06441474,0.18520355
-2.3360252,-2.122748,-1.4899313
0.92366934,0.6345272,0.38603544
0.2924323,0.25445223,-0.12322068
0.12533665,-0.042390823,-0.43625236
0.5170703,0.4257202,0.3296852
0.64007044,0.04259348,0.09253025
-0.31951666,0.44919252,-0.049328804
0.020229816,0.10706186,0.009250641
0.40923357,0.5598664,0.2875209
0.9244323,0.69384575,0.4347086
-0.54531693,-0.7531762,-0.2786696
1.125586,0.8244753,0.8588314
-0.59733987,-0.49654245,-0.10918975
-0.33595562,-0.15089512,-0.41937828
-0.051033497,-0.12917519,-0.11636615
-0.5036831,-0.59918165,-0.26305318
0.031495094,0.021398067,-0.08518696
0.14853477,0.12859106,0.09299517
-0.10061264,-0.19251108,-0.52339435
0.4338026,-0.14950633,0.03079176
0.07559061,-0.021356344,0.24698973
1.1698365,-1.0877609,-0.18490553
1.2429595,1.272726,0.9488225
0.3232956,0.7977605,0.44528246
1.2745738,1.1559486,1.1137366
-0.5781114,-0.628525,-0.2364099
1.1427164,1.0512471,0.97072124
0.6379366,0.2855301,0.21082163
0.28048754,0.39691925,0.08107424
0.2953887,0.33185482,0.28328896
-0.5712509,0.1551032,0
0.45605898,0.5794525,0.5646348
0.5607724,0.08921623,0.48390627
1.3905764,1.5402079,1.3772726
-1.1049628,-1.4068723,-1.038456
-0.7484317,-1.1260808,-0.22664666
-0.40287375,-0.5707979,-0.32498837
1.6178489,1.379919,0.9141803
-1.1972368,-1.0570347,-1.0610819
0.5109072,0.35358667,-0.018364191
0.15240908,0,-0.096553564
1.5825868,1.5712738,1.3537765
0.26946068,0.13486147,0.32727718
-1.0869861,-0.9131372,-1.2762547
0.7592559,0.35761595,0.36644936
-1.2442231,-0.95195174,-0.90938807
0.1398921,-0.22090077,-0.2883613
0.70552826,0.2657771,0.2096653
-0.8804202,-0.24303198,-0.87603927
-0.5231023,-1.2135565,-0.8365154
-0.6833613,-1.2586176,-1.0190189
-0.108748674,0.47639608,0.9498596
0.02477169,0.96195936,-0.11025667
0.49786568,0.46124458,0.58618784
-0.39671063,-0.5678117,-0.37879348
-0.22801757,-0.499779,-0.22047162
0.5548239,-0.010865927,0.33180714
0.5677581,-0.010854006,-0.220716
-0.3436029,-0.1301825,-0.20453334
0.51424503,0.43582916,0.39488077
0.2873659,0.13091564,-0.14195442
-0.22675395,-0.30454397,-0.049972534
0.278759,0.7451296,0.4890442
-1.6609371,-1.5321493,-1.9189537
0.6753564,0.2596259,0.4651904
0.9373188,0.06495714,0.18767118
-0.27888417,-0.12973547,-0.109517574
0.41458607,1.0266542,0.8668542
0.63408613,2.7148247,1.6824245
-0.2580285,0.17981529,-0.016015768
0.9230852,0.9301305,0.41826963
0.18651485,-0.0680089,0.37138462
-0.87053776,-0.045323372,-0.14511347
2.1529198,2.2711515,2.1746278
-0.7276714,-0.41541457,-0.8169949
0.07594824,-0.45944452,-0.032669306
0.04134178,-0.2292037,-0.42290092
-0.7782817,-0.7506788,-0.4211247
0.7191181,0.91826916,0.8164644
-1.0529578,-0.8422494,-0.32551885
1.8156648,2.2579193,1.5537143
-0.46468377,-0.41724443,-0.803411
-0.37037134,-0.7591486,-0.18002987
-0.086933374,-0.27529,-0.40749907
1.6934156,2.036512,1.6569972
0.2283454,-0.07017255,0.13272762
-0.44336915,-0.71992874,-0.38016438
0.87509155,0.795877,0.83333254
-0.07980466,-0.023400784,0.2506256
0.34548044,0.423038,0.38577318
1.1045456,0.73390007,0.60749054
0.5781412,0.47574043,1.316464
1.8458366,0.9606242,0.7926941
-1.1778176,-0.8335352,-0.6165445
1.0625482,0.8405447,0.89856386
1.2750149,1.6353369,0.85395575
2.7544856,2.3482442,2.5375247
-0.31300187,-0.074893236,-0.28510094
-1.402694,-1.8618286,-1.5093029
1.909256,1.240325,1.1467338
-1.5015543,-0.07458925,-0.5402565
1.3731599,0.7994056,0.78291893
-1.698488,-1.4767468,-1.3169467
-0.61720014,-0.34338832,0
-0.12617707,0.22124052,-0.087720156
-2.106756,-1.8813312,-1.6393483
-0.04467964,0.9004593,0.13824701
0.84781647,1.2567759,1.277566
0.2150774,0.42068958,0.2632022
-0.83780885,-0.73691607,-0.69698095
0.9732723,0.79227686,0.6488919
-3.2196045,-3.1414926,-2.7128458
-0.5382955,-0.023972988,0.03414154
0.5968094,1.3362527,1.0346532
0.59922934,0.39024353,0.4503727
-0.4660666,0.073218346,-0.18190145
1.4999866,1.0357618,0.95164776
0.20297766,-0.0739336,0.8804321
1.9461513,2.088058,1.8289447
1.6536832,0.73492527,0.45028925
-0.3453493,0.6119251,-0.25152564
-2.0404756,-1.5067756,-1.9034207
-0.5606711,0,0.10585785
3.0418754,1.478076,1.5770674
0.76351166,0.050997734,0.10763407
2.0154,1.4747739,1.437676
-0.9878397,-0.9228349,-1.0266542
0.22331476,0.20549297,-0.036013126
0.70592165,0.20592213,0.30702353
-3.4489036,-3.2619536,-2.362901
0.1970172,-1.0105968,-0.14087558
-0.02053976,-0.27040243,-0.21085739
2.3082733,1.8272877,1.425767
-1.318872,-0.6466031,-0.54944754
1.4255285,0.82747936,0.49874783
1.5838623,1.6828179,1.1713743
1.766634,2.8316736,2.3423076
-1.1619687,-0.104767084,-0.16571283
0.6631136,0.34165382,0.51823854
-1.7813861,-1.6795933,-1.260972
-1.4791548,-0.25773048,-0.48230886
-3.2563627,-2.3407996,-2.1267354
-0.60516596,-0.07544756,-0.035589933
1.5893102,1.2993574,1.2977719
-0.8055568,-0.33012033,-0.875473
0.09436607,-0.9058893,-0.46238303
-1.4143586,-0.30105114,-0.4602611
-0.89054704,-0.895077,-0.77287555
0.025689602,-0.98472834,-0.33262968
0.12155771,-0.024616718,0.052547455
-0.40743947,-0.36782026,-0.10498762
2.1074772,1.7718911,1.8535018
0.2263546,0.07492304,0.07134676
1.2349963,1.1877775,1.4474392
3.1319618,2.3803353,2.408743
-0.2865076,0.4156947,0.14845133
-1.0760009,-0.69658756,-0.33290386
-1.4950097,-1.5243948,-0.41807294
-3.817451,-3.6944032,-3.451401
0.7979393,1.3386965,1.1838794
3.9297104,1.9721985,1.8881798
-1.9697249,-1.9826472,-1.7524242
-0.6169319,-0.07430315,0.20393133
2.9057026,1.9439578,2.138245
-1.1703968,0.43103695,0.29580593
-0.23233294,-0.15190244,-0.20295382
-0.33472776,-0.47870874,-0.3676474
0.07684231,0.55737495,0.27650595
-4.106945,-3.755176,-3.5212517
-0.23661852,-0.34022927,-0.21295547
-1.1490703,-0.37525296,-0.8271754
0.2835393,0.13333559,0.17629862
-2.1590889,-2.2277832,-2.1562874
-1.1007249,-1.3244867,-1.3947964
1.9523501,1.3180017,1.0311127
1.1085272,1.5155196,0.7270217
3.31738,3.305161,2.73875
-2.8633296,-1.4691412,-1.8296719
-4.175729,-4.400754,-3.2466233
-2.0058453,-0.046795607,-0.26954412
-2.1399379,0.63574314,-0.15138984
1.477468,1.3845801,1.0023832
-0.97154975,-0.71106553,-0.69174767
2.8404832,2.2539973,1.8035054
0.5420089,0.34046173,0.39662123
-1.3390183,-1.0825157,-1.6234875
-0.8232057,-0.7165015,-0.6622851
1.1047125,0.67323446,0.98706484
-0.7300317,-0.9290099,-1.3100505
-1.7712235,-0.89707375,-1.358515
0.30646324,0.61758757,0.7175088
-0.2919197,-0.26060343,0.18388033
-0.5690336,-1.2169421,-0.9438634
0.09196997,0.6595969,0.4156947
0.67015886,0.56859255,0.3671527
0.29968023,0.16611814,0.18391609
-0.34177303,-0.047439337,0.03361702
0.076818466,0.29569864,0.3186345
-0.013679266,-1.3709486,-0.41770935
-0.54523945,-0.39729476,-0.41597486
0.01988411,-0.09339452,-0.19927621
0.77637434,0.7053971,0.4001379
0.9552479,0.6627202,0.45218468
-0.6391108,-0.4242301,-0.47670007
-0.42461753,0.21256208,0.010001659
0.61380863,0.88157654,0.9253025
-0.34967065,-0.4034102,-0.61863065
-0.70281625,-0.6366432,-1.0585606
-1.0452807,-0.8880615,-0.8367717
1.0955572,1.917839,1.265657
0.9267211,1.633501,1.3948202
0.37100315,-0.8877158,-0.61951876
0.42703152,0.07202625,0.016915798
-0.21731257,-0.0479877,0.100553036
0.37959814,0.21643639,0.33630133
-0.17612576,0.3862977,0.60904026
-0.122600794,0.19351244,-0.12637973
0.27366877,0.55947304,0.65442324
1.4258146,0.8834362,0.6504655
0.6449342,0.61728954,0.309062
-0.33823252,-0.17253757,-0.35927892
1.603365,0.9957671,1.1420608
-0.21501184,0.22454262,0
-0.33189058,0.65294504,-1.7009676
0.85567236,0.8867502,0.89240074
2.6579857,1.3350487,0.8784294
0.29785633,0.38660765,0.43922663
0.1543045,0.57023764,0.2789855
0.77171326,2.063501,1.4864683
-1.2230515,-1.3312519,-1.2753367
-0.3017187,0.8423209,0.08742809
0.30605793,0.13179779,0.034987926
-0.43725967,-3.23897,-1.0899663
1.186347,0.64167976,0.3820777
0.42244196,0.95905066,0.75240135
0.76903105,0.65180063,0.22798777
1.5919924,0.84166527,1.072228
-0.12357831,0.0526309,-0.36188364
0.9984851,0.6089449,0.7114887
-0.5461693,-0.44807196,-0.4955709
-0.3686607,0.21156073,0.03541708
-3.5379887,-3.1716049,-3.1882107
-0.05905032,-0.22965074,-0.54551363
1.8209577,1.9510984,2.035129
0.5568862,0.5493045,0.4192114
0.2903223,-0.4686296,-0.7626951
-1.0293424,-1.4370084,-1.1141598
1.4695168,0.8540392,0.49957037
-0.053828955,0.25947094,0.2225399
-0.63608885,-0.18129945,0.03644228
-0.5067527,-1.9403636,-1.9641042
-1.551342,-2.3220062,-2.2832513
-0.8044541,-0.099122524,-0.28048754
1.8023849,2.5152326,2.520299
-1.079768,-0.7564306,-0.9881079
0.1812458,1.1995435,0.8437753
